,Symbol,Name
0,RELIANCE,Reliance Industries Limited
1,TCS,Tata Consultancy Services Limited
2,HDFCBANK,HDFC Bank Limited
3,ICICIBANK,ICICI Bank Limited
4,INFY,Infosys Limited
5,HINDUNILVR,Hindustan Unilever Limited
6,BHARTIARTL,Bharti Airtel Limited
7,ITC,ITC Limited
8,SBIN,State Bank of India
9,LICI,Life Insurance Corporation Of India
10,LT,Larsen & Toubro Limited
11,BAJFINANCE,Bajaj Finance Limited
12,HCLTECH,HCL Technologies Limited
13,KOTAKBANK,Kotak Mahindra Bank Limited
14,AXISBANK,Axis Bank Limited
15,ASIANPAINT,Asian Paints Limited
16,TITAN,Titan Company Limited
17,ADANIENT,Adani Enterprises Limited
18,MARUTI,Maruti Suzuki India Limited
19,ULTRACEMCO,UltraTech Cement Limited
20,SUNPHARMA,Sun Pharmaceutical Industries Limited
21,NTPC,NTPC Limited
22,BAJAJFINSV,Bajaj Finserv Limited
23,DMART,Avenue Supermarts Limited
24,TATAMOTORS,Tata Motors Limited
25,ONGC,Oil & Natural Gas Corporation Limited
26,NESTLEIND,Nestle India Limited
27,ADANIGREEN,Adani Green Energy Limited
28,WIPRO,Wipro Limited
29,COALINDIA,Coal India Limited
30,ADANIPORTS,Adani Ports and Special Economic Zone Limited
31,POWERGRID,Power Grid Corporation of India Limited
32,JSWSTEEL,JSW Steel Limited
33,M&M,Mahindra & Mahindra Limited
34,ADANIPOWER,Adani Power Limited
35,BAJAJ-AUTO,Bajaj Auto Limited
36,HAL,Hindustan Aeronautics Limited
37,LTIM,LTIMindtree Limited
38,IOC,Indian Oil Corporation Limited
39,DLF,DLF Limited
40,TATASTEEL,Tata Steel Limited
41,VBL,Varun Beverages Limited
42,JIOFIN,Jio Financial Services Limited
43,SBILIFE,SBI Life Insurance Company Limited
44,SIEMENS,Siemens Limited
45,GRASIM,Grasim Industries Limited
46,HDFCLIFE,HDFC Life Insurance Company Limited
47,HINDALCO,Hindalco Industries Limited
48,PIDILITIND,Pidilite Industries Limited
49,BEL,Bharat Electronics Limited
50,HINDZINC,Hindustan Zinc Limited
51,IRFC,Indian Railway Finance Corporation Limited
52,BRITANNIA,Britannia Industries Limited
53,PFC,Power Finance Corporation Limited
54,INDUSINDBK,IndusInd Bank Limited
55,TECHM,Tech Mahindra Limited
56,BANKBARODA,Bank of Baroda
57,ADANIENSOL,Adani Energy Solutions Limited
58,GODREJCP,Godrej Consumer Products Limited
59,INDIGO,InterGlobe Aviation Limited
60,EICHERMOT,Eicher Motors Limited
61,RECLTD,REC Limited
62,ATGL,Adani Total Gas Limited
63,TRENT,Trent Limited
64,ZOMATO,Zomato Limited
65,GAIL,GAIL (India) Limited
66,TATAPOWER,Tata Power Company Limited
67,CHOLAFIN,Cholamandalam Investment and Finance Company Limited
68,PNB,Punjab National Bank
69,DIVISLAB,Divi's Laboratories Limited
70,AMBUJACEM,Ambuja Cements Limited
71,SHREECEM,SHREE CEMENT LIMITED
72,TATACONSUM,TATA CONSUMER PRODUCTS LIMITED
73,CIPLA,Cipla Limited
74,ABB,ABB India Limited
75,DABUR,Dabur India Limited
76,LODHA,Macrotech Developers Limited
77,BPCL,Bharat Petroleum Corporation Limited
78,DRREDDY,Dr. Reddy's Laboratories Limited
79,TVSMOTOR,TVS Motor Company Limited
80,VEDL,Vedanta Limited
81,UNIONBANK,Union Bank of India
82,HAVELLS,Havells India Limited
83,BAJAJHLDNG,Bajaj Holdings & Investment Limited
84,HEROMOTOCO,Hero MotoCorp Limited
85,POLYCAB,Polycab India Limited
86,APOLLOHOSP,Apollo Hospitals Enterprise Limited
87,IOB,Indian Overseas Bank
88,MCDOWELL-N,United Spirits Limited
89,MANKIND,Mankind Pharma Limited
90,CANBK,Canara Bank
91,TORNTPHARM,Torrent Pharmaceuticals Limited
92,IDEA,Vodafone Idea Limited
93,SHRIRAMFIN,Shriram Finance Limited
94,ICICIPRULI,ICICI Prudential Life Insurance Company Limited
95,JINDALSTEL,Jindal Steel & Power Limited
96,SRF,SRF Limited
97,IDBI,IDBI Bank Limited
98,SBICARD,SBI Cards and Payment Services Limited
99,IRCTC,Indian Railway Catering And Tourism Corporation Limited
100,MARICO,Marico Limited
101,BERGEPAINT,Berger Paints (I) Limited
102,ICICIGI,ICICI Lombard General Insurance Company Limited
103,ZYDUSLIFE,Zydus Lifesciences Limited
104,CGPOWER,CG Power and Industrial Solutions Limited
105,MOTHERSON,Samvardhana Motherson International Limited
106,COLPAL,Colgate Palmolive (India) Limited
107,TIINDIA,Tube Investments of India Limited
108,HDFCAMC,HDFC Asset Management Company Limited
109,BHEL,Bharat Heavy Electricals Limited
110,JSWENERGY,JSW Energy Limited
111,MAXHEALTH,Max Healthcare Institute Limited
112,NAUKRI,Info Edge (India) Limited
113,BOSCHLTD,Bosch Limited
114,NHPC,NHPC Limited
115,AUROPHARMA,Aurobindo Pharma Limited
116,IDFCFIRSTB,IDFC First Bank Limited
117,INDHOTEL,The Indian Hotels Company Limited
118,ALKEM,Alkem Laboratories Limited
119,YESBANK,Yes Bank Limited
120,NMDC,NMDC Limited
121,SOLARINDS,Solar Industries India Limited
122,LUPIN,Lupin Limited
123,MUTHOOTFIN,Muthoot Finance Limited
124,SUPREMEIND,Supreme Industries Limited
125,BHARATFORG,Bharat Forge Limited
126,PATANJALI,Patanjali Foods Limited
127,PERSISTENT,Persistent Systems Limited
128,INDIANB,Indian Bank
129,HINDPETRO,Hindustan Petroleum Corporation Limited
130,PGHH,Procter & Gamble Hygiene and Health Care Limited
131,GODREJPROP,Godrej Properties Limited
132,LTTS,L&T Technology Services Limited
133,MRF,MRF Limited
134,TATAELXSI,Tata Elxsi Limited
135,CUMMINSIND,Cummins India Limited
136,GICRE,General Insurance Corporation of India
137,INDUSTOWER,Indus Towers Limited
138,PIIND,PI Industries Limited
139,ASHOKLEY,Ashok Leyland Limited
140,AUBANK,AU Small Finance Bank Limited
141,OBEROIRLTY,Oberoi Realty Limited
142,CONCOR,Container Corporation of India Limited
143,FACT,Fertilizers and Chemicals Travancore Limited
144,SUZLON,Suzlon Energy Limited
145,MPHASIS,MphasiS Limited
146,BANKINDIA,Bank of India
147,ASTRAL,Astral Limited
148,SAIL,Steel Authority of India Limited
149,TATACOMM,Tata Communications Limited
150,SCHAEFFLER,Schaeffler India Limited
151,BALKRISIND,Balkrishna Industries Limited
152,NYKAA,FSN E-Commerce Ventures Limited
153,GMRINFRA,GMR Airports Infrastructure Limited
154,LINDEINDIA,Linde India Limited
155,TATATECH,Tata Technologies Limited
156,UCOBANK,UCO Bank
157,PRESTIGE,Prestige Estates Projects Limited
158,UBL,United Breweries Limited
159,JSL,Jindal Stainless Limited
160,AWL,Adani Wilmar Limited
161,MAZDOCK,Mazagon Dock Shipbuilders Limited
162,TORNTPOWER,Torrent Power Limited
163,UPL,UPL Limited
164,JSWINFRA,JSW Infrastructure Limited
165,CENTRALBK,Central Bank of India
166,ABCAPITAL,Aditya Birla Capital Limited
167,PAGEIND,Page Industries Limited
168,DALBHARAT,Dalmia Bharat Limited
169,APLAPOLLO,APL Apollo Tubes Limited
170,3MINDIA,3M India Limited
171,ACC,ACC Limited
172,KPITTECH,KPIT Technologies Limited
173,L&TFH,L&T Finance Holdings Limited
174,FLUOROCHEM,Gujarat Fluorochemicals Limited
175,OIL,Oil India Limited
176,PAYTM,One 97 Communications Limited
177,PHOENIXLTD,The Phoenix Mills Limited
178,UNOMINDA,UNO Minda Limited
179,DIXON,Dixon Technologies (India) Limited
180,SUNDARMFIN,Sundaram Finance Limited
181,BANDHANBNK,Bandhan Bank Limited
182,COFORGE,Coforge Limited
183,FEDERALBNK,The Federal Bank  Limited
184,RVNL,Rail Vikas Nigam Limited
185,SONACOMS,Sona BLW Precision Forgings Limited
186,JUBLFOOD,Jubilant Foodworks Limited
187,COROMANDEL,Coromandel International Limited
188,THERMAX,Thermax Limited
189,OFSS,Oracle Financial Services Software Limited
190,KALYANKJIL,Kalyan Jewellers India Limited
191,POLICYBZR,PB Fintech Limited
192,SJVN,SJVN Limited
193,NLCINDIA,NLC India Limited
194,AIAENG,AIA Engineering Limited
195,NIACL,The New India Assurance Company Limited
196,METROBRAND,Metro Brands Limited
197,M&MFIN,Mahindra & Mahindra Financial Services Limited
198,DEEPAKNTR,Deepak Nitrite Limited
199,POONAWALLA,Poonawalla Fincorp Limited
200,PETRONET,Petronet LNG Limited
201,ESCORTS,Escorts Kubota Limited
202,MFSL,Max Financial Services Limited
203,HONAUT,Honeywell Automation India Limited
204,VOLTAS,Voltas Limited
205,GLAXO,GlaxoSmithKline Pharmaceuticals Limited
206,MAHABANK,Bank of Maharashtra
207,GUJGASLTD,Gujarat Gas Limited
208,CRISIL,CRISIL Limited
209,GLAND,Gland Pharma Limited
210,FORTIS,Fortis Healthcare Limited
211,BDL,Bharat Dynamics Limited
212,STARHEALTH,Star Health and Allied Insurance Company Limited
213,MANYAVAR,Vedant Fashions Limited
214,ZFCVINDIA,ZF Commercial Vehicle Control Systems India Limited
215,LLOYDSME,Lloyds Metals And Energy Limited
216,BSE,BSE Limited
217,BIOCON,Biocon Limited
218,LICHSGFIN,LIC Housing Finance Limited
219,KEI,KEI Industries Limited
220,IGL,Indraprastha Gas Limited
221,ANGELONE,Angel One Limited
222,JKCEMENT,JK Cement Limited
223,ITI,ITI Limited
224,PSB,Punjab & Sind Bank
225,APOLLOTYRE,Apollo Tyres Limited
226,DELHIVERY,Delhivery Limited
227,IPCALAB,IPCA Laboratories Limited
228,SYNGENE,Syngene International Limited
229,KPRMILL,K.P.R. Mill Limited
230,TATACHEM,Tata Chemicals Limited
231,SUNTV,Sun TV Network Limited
232,NAM-INDIA,Nippon Life India Asset Management Limited
233,IREDA,Indian Renewable Energy Development Agency Limited
234,MSUMI,Motherson Sumi Wiring India Limited
235,ENDURANCE,Endurance Technologies Limited
236,EXIDEIND,Exide Industries Limited
237,KANSAINER,Kansai Nerolac Paints Limited
238,AJANTPHARM,Ajanta Pharma Limited
239,HINDCOPPER,Hindustan Copper Limited
240,ZEEL,Zee Entertainment Enterprises Limited
241,SUNDRMFAST,Sundram Fasteners Limited
242,GRINDWELL,Grindwell Norton Limited
243,MEDANTA,Global Health Limited
244,360ONE,360 ONE WAM LIMITED
245,CREDITACC,CREDITACCESS GRAMEEN LIMITED
246,CYIENT,Cyient Limited
247,HATSUN,Hatsun Agro Product Limited
248,HUDCO,Housing & Urban Development Corporation Limited
249,JBCHEPHARM,JB Chemicals & Pharmaceuticals Limited
250,IRB,IRB Infrastructure Developers Limited
251,GODREJIND,Godrej Industries Limited
252,EMAMILTD,Emami Limited
253,NH,Narayana Hrudayalaya Ltd.
254,TIMKEN,Timken India Limited
255,APARINDS,Apar Industries Limited
256,NATIONALUM,National Aluminium Company Limited
257,RAMCOCEM,The Ramco Cements Limited
258,GLENMARK,Glenmark Pharmaceuticals Limited
259,RATNAMANI,Ratnamani Metals & Tubes Limited
260,AARTIIND,Aarti Industries Limited
261,DEVYANI,Devyani International Limited
262,MRPL,Mangalore Refinery and Petrochemicals Limited
263,ISEC,ICICI Securities Limited
264,LAURUSLABS,Laurus Labs Limited
265,IIFL,IIFL Finance Limited
266,SKFINDIA,SKF India Limited
267,RELAXO,Relaxo Footwears Limited
268,KIOCL,KIOCL Limited
269,POWERINDIA,Hitachi Energy India Limited
270,RADICO,Radico Khaitan Limited
271,TATAINVEST,Tata Investment Corporation Limited
272,LALPATHLAB,Dr. Lal Path Labs Ltd.
273,FIVESTAR,Five-Star Business Finance Limited
274,ABFRL,Aditya Birla Fashion and Retail Limited
275,BATAINDIA,Bata India Limited
276,CARBORUNIV,Carborundum Universal Limited
277,GILLETTE,Gillette India Limited
278,ATUL,Atul Limited
279,PEL,Piramal Enterprises Limited
280,SONATSOFTW,Sonata Software Limited
281,KAJARIACER,Kajaria Ceramics Limited
282,BRIGADE,Brigade Enterprises Limited
283,ASTERDM,Aster DM Healthcare Limited
284,PNBHOUSING,PNB Housing Finance Limited
285,IDFC,IDFC Limited
286,SUMICHEM,Sumitomo Chemical India Limited
287,CROMPTON,Crompton Greaves Consumer Electricals Limited
288,BSOFT,BIRLASOFT LIMITED
289,CHOLAHLDNG,Cholamandalam Financial Holdings Limited
290,PFIZER,Pfizer Limited
291,BLUESTARCO,Blue Star Limited
292,NAVINFLUOR,Navin Fluorine International Limited
293,CDSL,Central Depository Services (India) Limited
294,SANOFI,Sanofi India Limited
295,TRIDENT,Trident Limited
296,MOTILALOFS,Motilal Oswal Financial Services Limited
297,SUVENPHAR,Suven Pharmaceuticals Limited
298,PPLPHARMA,Piramal Pharma Limited
299,AFFLE,Affle (India) Limited
300,VINATIORGA,Vinati Organics Limited
301,TTML,Tata Teleservices (Maharashtra) Limited
302,CIEINDIA,CIE Automotive India Limited
303,COCHINSHIP,Cochin Shipyard Limited
304,CASTROLIND,Castrol India Limited
305,RRKABEL,R R Kabel Limited
306,JYOTHYLAB,Jyothy Labs Limited
307,CESC,CESC Limited
308,BLUEDART,Blue Dart Express Limited
309,WHIRLPOOL,Whirlpool of India Limited
310,JBMA,JBM Auto Limited
311,GSPL,Gujarat State Petronet Limited
312,ELGIEQUIP,Elgi Equipments Limited
313,CENTURYPLY,Century Plyboards (India) Limited
314,RBLBANK,RBL Bank Limited
315,CELLO,Cello World Limited
316,KAYNES,Kaynes Technology India Limited
317,RHIM,RHI MAGNESITA INDIA LIMITED
318,CLEAN,Clean Science and Technology Limited
319,FINCABLES,Finolex Cables Limited
320,INDIAMART,Indiamart Intermesh Limited
321,INOXWIND,Inox Wind Limited
322,PVRINOX,PVR INOX Limited
323,IRCON,Ircon International Limited
324,DCMSHRIRAM,DCM Shriram Limited
325,SHYAMMETL,Shyam Metalics and Energy Limited
326,APTUS,Aptus Value Housing Finance India Limited
327,CGCL,Capri Global Capital Limited
328,KIMS,Krishna Institute of Medical Sciences Limited
329,TVSHLTD,TVS Holdings Limited
330,EIHOTEL,EIH Limited
331,CHAMBLFERT,Chambal Fertilizers & Chemicals Limited
332,CONCORDBIO,Concord Biotech Limited
333,FINEORG,Fine Organic Industries Limited
334,KEC,KEC International Limited
335,NSLNISP,NMDC Steel Limited
336,IEX,Indian Energy Exchange Limited
337,APLLTD,Alembic Pharmaceuticals Limited
338,TEJASNET,Tejas Networks Limited
339,NATCOPHARM,Natco Pharma Limited
340,TANLA,Tanla Platforms Limited
341,NBCC,NBCC (India) Limited
342,LAXMIMACH,Lakshmi Machine Works Limited
343,MANAPPURAM,Manappuram Finance Limited
344,WELCORP,Welspun Corp Limited
345,CHALET,Chalet Hotels Limited
346,POLYMED,Poly Medicure Limited
347,HONASA,Honasa Consumer Limited
348,TITAGARH,TITAGARH RAIL SYSTEMS LIMITED
349,WELSPUNLIV,Welspun Living Limited
350,ASAHIINDIA,Asahi India Glass Limited
351,GESHIP,The Great Eastern Shipping Company Limited
352,ARE&M,Amara Raja Energy & Mobility Limited
353,ZENSARTECH,Zensar Technologies Limited
354,REDINGTON,Redington Limited
355,ASTRAZEN,AstraZeneca Pharma India Limited
356,NUVOCO,Nuvoco Vistas Corporation Limited
357,BIKAJI,Bikaji Foods International Limited
358,CENTURYTEX,Century Textiles & Industries Limited
359,HAPPSTMNDS,Happiest Minds Technologies Limited
360,HSCL,Himadri Speciality Chemical Limited
361,KARURVYSYA,Karur Vysya Bank Limited
362,J&KBANK,The Jammu & Kashmir Bank Limited
363,ABSLAMC,Aditya Birla Sun Life AMC Limited
364,SWANENERGY,Swan Energy Limited
365,SFL,Sheela Foam Limited
366,TRITURBINE,Triveni Turbine Limited
367,BASF,BASF India Limited
368,JINDALSAW,Jindal Saw Limited
369,BLS,BLS International Services Limited
370,JWL,Jupiter Wagons Limited
371,RKFORGE,Ramkrishna Forgings Limited
372,FINPIPE,Finolex Industries Limited
373,CAMS,Computer Age Management Services Limited
374,ALKYLAMINE,Alkyl Amines Chemicals Limited
375,GMDCLTD,Gujarat Mineral Development Corporation Limited
376,GET&D,GE T&D India Limited
377,FSL,Firstsource Solutions Limited
378,WESTLIFE,WESTLIFE FOODWORLD LIMITED
379,ECLERX,eClerx Services Limited
380,VGUARD,V-Guard Industries Limited
381,NUVAMA,Nuvama Wealth Management Limited
382,MAHSEAMLES,Maharashtra Seamless Limited
383,ERIS,Eris Lifesciences Limited
384,AEGISCHEM,Aegis Logistics Limited
385,SIGNATURE,Signatureglobal (India) Limited
386,JAIBALAJI,Jai Balaji Industries Limited
387,AAVAS,Aavas Financiers Limited
388,RAINBOW,Rainbow Childrens Medicare Limited
389,HBLPOWER,HBL Power Systems Limited
390,RITES,RITES Limited
391,KSB,Ksb Limited
392,HFCL,HFCL Limited
393,SYRMA,Syrma SGS Technology Limited
394,EQUITASBNK,Equitas Small Finance Bank Limited
395,AKZOINDIA,Akzo Nobel India Limited
396,MGL,Mahanagar Gas Limited
397,BEML,BEML Limited
398,AETHER,Aether Industries Limited
399,GNFC,Gujarat Narmada Valley Fertilizers and Chemicals Limited
400,KPIL,Kalpataru Projects International Limited
401,RAYMOND,Raymond Limited
402,INTELLECT,Intellect Design Arena Limited
403,CRAFTSMAN,Craftsman Automation Limited
404,BAJAJELEC,Bajaj Electricals Limited
405,ANURAS,Anupam Rasayan India Limited
406,VTL,Vardhman Textiles Limited
407,UJJIVANSFB,Ujjivan Small Finance Bank Limited
408,BIRLACORPN,Birla Corporation Limited
409,GRINFRA,G R Infraprojects Limited
410,OLECTRA,Olectra Greentech Limited
411,CUB,City Union Bank Limited
412,UTIAMC,UTI Asset Management Company Limited
413,BBTC,Bombay Burmah Trading Corporation Limited
414,GODFRYPHLP,Godfrey Phillips India Limited
415,NEWGEN,Newgen Software Technologies Limited
416,RAILTEL,Railtel Corporation Of India Limited
417,ANANDRATHI,Anand Rathi Wealth Limited
418,RAJESHEXPO,Rajesh Exports Limited
419,GRAPHITE,Graphite India Limited
420,GODREJAGRO,Godrej Agrovet Limited
421,ZYDUSWELL,Zydus Wellness Limited
422,GPIL,Godawari Power And Ispat limited
423,ALOKINDS,Alok Industries Limited
424,IBULHSGFIN,Indiabulls Housing Finance Limited
425,JKLAKSHMI,JK Lakshmi Cement Limited
426,AMBER,Amber Enterprises India Limited
427,RTNINDIA,RattanIndia Enterprises Limited
428,SPLPETRO,Supreme Petrochem Limited
429,MAPMYINDIA,C.E. Info Systems Limited
430,NCC,NCC Limited
431,DATAPATTNS,Data Patterns (India) Limited
432,ELECON,Elecon Engineering Company Limited
433,CHENNPETRO,Chennai Petroleum Corporation Limited
434,CANFINHOME,Can Fin Homes Limited
435,CAPLIPOINT,Caplin Point Laboratories Limited
436,TTKPRESTIG,TTK Prestige Limited
437,PRAJIND,Praj Industries Limited
438,CERA,Cera Sanitaryware Limited
439,SWSOLAR,Sterling and Wilson Renewable Energy Limited
440,RENUKA,Shree Renuka Sugars Limited
441,ROUTE,ROUTE MOBILE LIMITED
442,GRSE,Garden Reach Shipbuilders & Engineers Limited
443,EIDPARRY,EID Parry India Limited
444,ACE,Action Construction Equipment Limited
445,GALAXYSURF,Galaxy Surfactants Limited
446,INGERRAND,Ingersoll Rand (India) Limited
447,GRANULES,Granules India Limited
448,CEATLTD,CEAT Limited
449,JKTYRE,JK Tyre & Industries Limited
450,SCHNEIDER,Schneider Electric Infrastructure Limited
451,HAPPYFORGE,Happy Forgings Limited
452,ENGINERSIN,Engineers India Limited
453,GSFC,Gujarat State Fertilizers & Chemicals Limited
454,ANANTRAJ,Anant Raj Limited
455,JPPOWER,Jaiprakash Power Ventures Limited
456,SBFC,SBFC Finance Limited
457,KIRLOSENG,Kirloskar Oil Engines Limited
458,LEMONTREE,Lemon Tree Hotels Limited
459,PCBL,PCBL LIMITED
460,JMFINANCIL,JM Financial Limited
461,LATENTVIEW,Latent View Analytics Limited
462,SOBHA,Sobha Limited
463,SPARC,Sun Pharma Advanced Research Company Limited
464,SAFARI,Safari Industries (India) Limited
465,PRSMJOHNSN,Prism Johnson Limited
466,MINDACORP,Minda Corporation Limited
467,NETWORK18,Network18 Media & Investments Limited
468,ESABINDIA,Esab India Limited
469,SAPPHIRE,Sapphire Foods India Limited
470,USHAMART,Usha Martin Limited
471,PNCINFRA,PNC Infratech Limited
472,MMTC,MMTC Limited
473,MEDPLUS,Medplus Health Services Limited
474,SARDAEN,Sarda Energy & Minerals Limited
475,RPOWER,Reliance Power Limited
476,RCF,Rashtriya Chemicals and Fertilizers Limited
477,TVSSCS,TVS Supply Chain Solutions Limited
478,JUBLPHARMA,Jubilant Pharmova Limited
479,TV18BRDCST,TV18 Broadcast Limited
480,BALAMINES,Balaji Amines Limited
481,MASTEK,Mastek Limited
482,TECHNOE,Techno Electric & Engineering Company Limited
483,METROPOLIS,Metropolis Healthcare Limited
484,KRBL,KRBL Limited
485,DEEPAKFERT,Deepak Fertilizers and Petrochemicals Corporation Limited
486,RATEGAIN,Rategain Travel Technologies Limited
487,CCL,CCL Products (India) Limited
488,CAMPUS,Campus Activewear Limited
489,VIPIND,VIP Industries Limited
490,MAHSCOOTER,Maharashtra Scooters Limited
491,VARROC,Varroc Engineering Limited
492,SURYAROSNI,Surya Roshni Limited
493,MAHLIFE,Mahindra Lifespace Developers Limited
494,GAEL,Gujarat Ambuja Exports Limited
495,RELINFRA,Reliance Infrastructure Limited
496,BALRAMCHIN,Balrampur Chini Mills Limited
497,IONEXCHANG,ION Exchange (India) Limited
498,KFINTECH,Kfin Technologies Limited
499,HOMEFIRST,Home First Finance Company India Limited
500,PGHL,Procter & Gamble Health Limited
501,PRINCEPIPE,Prince Pipes And Fittings Limited
502,RESPONIND,Responsive Industries Limited
503,PTCIL,PTC Industries Limited
504,KTKBANK,The Karnataka Bank Limited
505,JUBLINGREA,Jubilant Ingrevia Limited
506,GLS,Glenmark Life Sciences Limited
507,MANINFRA,Man Infraconstruction Limited
508,SPANDANA,Spandana Sphoorty Financial Limited
509,INDIACEM,The India Cements Limited
510,ACI,Archean Chemical Industries Limited
511,INOXINDIA,INOX India Limited
512,LXCHEM,Laxmi Organic Industries Limited
513,TMB,Tamilnad Mercantile Bank Limited
514,CHEMPLASTS,Chemplast Sanmar Limited
515,ALLCARGO,Allcargo Logistics Limited
516,EMIL,Electronics Mart India Limited
517,SANDUMA,Sandur Manganese & Iron Ores Limited
518,MIDHANI,Mishra Dhatu Nigam Limited
519,QUESS,Quess Corp Limited
520,TEGA,Tega Industries Limited
521,MHRIL,Mahindra Holidays & Resorts India Limited
522,SHOPERSTOP,Shoppers Stop Limited
523,DOMS,DOMS Industries Limited
524,SCI,Shipping Corporation Of India Limited
525,GRAVITA,Gravita India Limited
526,TRIVENI,Triveni Engineering & Industries Limited
527,GPPL,Gujarat Pipavav Port Limited
528,HEG,HEG Limited
529,EDELWEISS,Edelweiss Financial Services Limited
530,DBREALTY,D B Realty Limited
531,MARKSANS,Marksans Pharma Limited
532,RUSTOMJEE,Keystone Realtors Limited
533,VESUVIUS,Vesuvius India Limited
534,STARCEMENT,Star Cement Limited
535,PDSL,PDS Limited
536,CSBBANK,CSB Bank Limited
537,IFCI,IFCI Limited
538,GMMPFAUDLR,GMM Pfaudler Limited
539,ISGEC,Isgec Heavy Engineering Limited
540,KNRCON,KNR Constructions Limited
541,EASEMYTRIP,Easy Trip Planners Limited
542,SAREGAMA,Saregama India Limited
543,JLHL,Jupiter Life Line Hospitals Limited
544,INDIGOPNTS,Indigo Paints Limited
545,LTFOODS,LT Foods Limited
546,KIRLOSBROS,Kirloskar Brothers Limited
547,RELIGARE,Religare Enterprises Limited
548,JAICORPLTD,Jai Corp Limited
549,VIJAYA,Vijaya Diagnostic Centre Limited
550,JKPAPER,JK Paper Limited
551,UJJIVAN,Ujjivan Financial Services Limited
552,ROLEXRINGS,Rolex Rings Limited
553,GARFIBRES,Garware Technical Fibres Limited
554,ARVIND,Arvind Limited
555,JUSTDIAL,Just Dial Limited
556,GREENLAM,Greenlam Industries Limited
557,VRLLOG,VRL Logistics Limited
558,MTARTECH,Mtar Technologies Limited
559,NEULANDLAB,Neuland Laboratories Limited
560,POWERMECH,Power Mech Projects Limited
561,GOCOLORS,Go Fashion (India) Limited
562,ZENTEC,Zen Technologies Limited
563,NETWEB,Netweb Technologies India Limited
564,SIS,SIS LIMITED
565,VOLTAMP,Voltamp Transformers Limited
566,ELECTCAST,Electrosteel Castings Limited
567,BECTORFOOD,Mrs. Bectors Food Specialities Limited
568,VAIBHAVGBL,Vaibhav Global Limited
569,TEXRAIL,Texmaco Rail & Engineering Limited
570,SUNTECK,Sunteck Realty Limited
571,RSYSTEMS,R Systems International Limited
572,REDTAPE,Redtape Limited
573,IWEL,Inox Wind Energy Limited
574,FDC,FDC Limited
575,EPL,EPL Limited
576,SHRIPISTON,Shriram Pistons & Rings Limited
577,TCI,Transport Corporation of India Limited
578,THOMASCOOK,Thomas Cook  (India)  Limited
579,BLUEJET,Blue Jet Healthcare Limited
580,NAVA,NAVA LIMITED
581,HNDFDS,Hindustan Foods Limited
582,MOIL,MOIL Limited
583,NESCO,Nesco Limited
584,PGEL,PG Electroplast Limited
585,SYMPHONY,Symphony Limited
586,WOCKPHARMA,Wockhardt Limited
587,ICIL,Indo Count Industries Limited
588,SHAREINDIA,Share India Securities Limited
589,INDIASHLTR,India Shelter Finance Corporation Limited
590,JINDWORLD,Jindal Worldwide Limited
591,TATACOFFEE,Tata Coffee Limited
592,CMSINFO,CMS Info Systems Limited
593,GENUSPOWER,Genus Power Infrastructures Limited
594,INFIBEAM,Infibeam Avenues Limited
595,STAR,Strides Pharma Science Limited
596,NIITMTS,NIIT Learning Systems Limited
597,UTKARSHBNK,Utkarsh Small Finance Bank Limited
598,TIIL,Technocraft Industries (India) Limited
599,FUSION,Fusion Micro Finance Limited
600,BORORENEW,BOROSIL RENEWABLES LIMITED
601,ASKAUTOLTD,ASK Automotive Limited
602,ASTRAMICRO,Astra Microwave Products Limited
603,AVANTIFEED,Avanti Feeds Limited
604,JSWHL,JSW Holdings Limited
605,GUJALKALI,Gujarat Alkalies and Chemicals Limited
606,STLTECH,Sterlite Technologies Limited
607,NAZARA,Nazara Technologies Limited
608,GABRIEL,Gabriel India Limited
609,SUPRAJIT,Suprajit Engineering Limited
610,PTC,PTC India Limited
611,DBL,Dilip Buildcon Limited
612,SOUTHBANK,The South Indian Bank Limited
613,GHCL,GHCL Limited
614,RBA,Restaurant Brands Asia Limited
615,PARADEEP,Paradeep Phosphates Limited
616,HGINFRA,H.G. Infra Engineering Limited
617,ICRA,ICRA Limited
618,RAMKY,Ramky Infrastructure Limited
619,KESORAMIND,Kesoram Industries Limited
620,SANSERA,Sansera Engineering Limited
621,ARVINDFASN,Arvind Fashions Limited
622,SENCO,Senco Gold Limited
623,AURIONPRO,Aurionpro Solutions Limited
624,TEAMLEASE,Teamlease Services Limited
625,CYIENTDLM,Cyient DLM Limited
626,AGI,AGI Greenpac Limited
627,KPIGREEN,KPI Green Energy Limited
628,HEIDELBERG,HeidelbergCement India Limited
629,TCIEXP,TCI Express Limited
630,VSTIND,VST Industries Limited
631,GREENPANEL,Greenpanel Industries Limited
632,DODLA,Dodla Dairy Limited
633,AHLUCONT,Ahluwalia Contracts (India) Limited
634,RAIN,Rain Industries Limited
635,GATEWAY,Gateway Distriparks Limited
636,ORIENTCEM,Orient Cement Limited
637,ETHOSLTD,Ethos Limited
638,HCG,Healthcare Global Enterprises Limited
639,FEDFINA,Fedbank Financial Services Limited
640,GOKEX,Gokaldas Exports Limited
641,PRUDENT,Prudent Corporate Advisory Services Limited
642,ITDCEM,ITD Cementation India Limited
643,BBOX,Black Box Limited
644,JPASSOCIAT,Jaiprakash Associates Limited
645,RALLIS,Rallis India Limited
646,ORIENTELEC,Orient Electric Limited
647,RTNPOWER,RattanIndia Power Limited
648,DHANUKA,Dhanuka Agritech Limited
649,WSTCSTPAPR,West Coast Paper Mills Limited
650,WONDERLA,Wonderla Holidays Limited
651,DBCORP,D.B.Corp Limited
652,MASFIN,MAS Financial Services Limited
653,LLOYDSENGG,LLOYDS ENGINEERING WORKS LIMITED
654,IBREALEST,Indiabulls Real Estate Limited
655,KKCL,Kewal Kiran Clothing Limited
656,MSTCLTD,Mstc Limited
657,TINPLATE,The Tinplate Company of India Limited
658,PATELENG,Patel Engineering Limited
659,TI,Tilaknagar Industries Limited
660,PRICOLLTD,Pricol Limited
661,SHANTIGEAR,Shanthi Gears Limited
662,HGS,Hinduja Global Solutions Limited
663,PRIVISCL,Privi Speciality Chemicals Limited
664,CHOICEIN,Choice International Limited
665,AARTIPHARM,Aarti Pharmalabs Limited
666,BANCOINDIA,Banco Products (I) Limited
667,MAXESTATES,Max Estates Limited
668,NOCIL,NOCIL Limited
669,JAYNECOIND,Jayaswal Neco Industries Limited
670,WELENT,Welspun Enterprises Limited
671,AARTIDRUGS,Aarti Drugs Limited
672,IIFLSEC,IIFL Securities Limited
673,NFL,National Fertilizers Limited
674,JAMNAAUTO,Jamna Auto Industries Limited
675,PURVA,Puravankara Limited
676,ROSSARI,Rossari Biotech Limited
677,TIPSINDLTD,TIPS Industries Limited
678,JKIL,J.Kumar Infraprojects Limited
679,HEMIPROP,Hemisphere Properties India Limited
680,GALLANTT,Gallantt Ispat Limited
681,HCC,Hindustan Construction Company Limited
682,MUTHOOTMF,Muthoot Microfin Limited
683,DATAMATICS,Datamatics Global Services Limited
684,ORISSAMINE,The Orissa Minerals Development Company Limited
685,JISLJALEQS,Jain Irrigation Systems Limited
686,KALAMANDIR,Sai Silks (Kalamandir) Limited
687,SULA,Sula Vineyards Limited
688,HMAAGRO,HMA Agro Industries Limited
689,ADVENZYMES,Advanced Enzyme Technologies Limited
690,IPL,India Pesticides Limited
691,SINDHUTRAD,Sindhu Trade Links Limited
692,DCBBANK,DCB Bank Limited
693,PAISALO,Paisalo Digital Limited
694,AMIORG,Ami Organics Limited
695,LAOPALA,La Opala RG Limited
696,THANGAMAYL,Thangamayil Jewellery Limited
697,AZAD,Azad Engineering Limited
698,SHARDACROP,Sharda Cropchem Limited
699,SSWL,Steel Strips Wheels Limited
700,TDPOWERSYS,TD Power Systems Limited
701,JTLIND,JTL INDUSTRIES LIMITED
702,EPIGRAL,Epigral Limited
703,TIMETECHNO,Time Technoplast Limited
704,TARC,TARC Limited
705,FCL,Fineotex Chemical Limited
706,VMART,V-Mart Retail Limited
707,RAJRATAN,Rajratan Global Wire Limited
708,LGBBROSLTD,LG Balakrishnan & Bros Limited
709,NUCLEUS,Nucleus Software Exports Limited
710,LUXIND,Lux Industries Limited
711,ASHOKA,Ashoka Buildcon Limited
712,DELTACORP,Delta Corp Limited
713,BCG,Brightcom Group Limited
714,NEOGEN,Neogen Chemicals Limited
715,WABAG,VA Tech Wabag Limited
716,KIRLPNU,Kirloskar Pneumatic Company Limited
717,SHARDAMOTR,Sharda Motor Industries Limited
718,JTEKTINDIA,Jtekt India Limited
719,ITDC,India Tourism Development Corporation Limited
720,BOROLTD,Borosil Limited
721,ASHAPURMIN,Ashapura Minechem Limited
722,IFBIND,IFB Industries Limited
723,SUDARSCHEM,Sudarshan Chemical Industries Limited
724,SUNFLAG,Sunflag Iron And Steel Company Limited
725,HATHWAY,Hathway Cable & Datacom Limited
726,HIKAL,Hikal Limited
727,TATVA,Tatva Chintan Pharma Chem Limited
728,BALMLAWRIE,Balmer Lawrie & Company Limited
729,BHARATRAS,Bharat Rasayan Limited
730,KOLTEPATIL,Kolte - Patil Developers Limited
731,HLEGLAS,HLE Glascoat Limited
732,HINDWAREAP,Hindware Home Innovation Limited
733,FLAIR,Flair Writing Industries Limited
734,INDOCO,Indoco Remedies Limited
735,SAMHI,Samhi Hotels Limited
736,AVALON,Avalon Technologies Limited
737,ORCHPHARMA,Orchid Pharma Limited
738,HARSHA,Harsha Engineers International Limited
739,KDDL,KDDL Limited
740,BAJAJHIND,Bajaj Hindusthan Sugar Limited
741,SANGHVIMOV,Sanghvi Movers Limited
742,ESAFSFB,ESAF Small Finance Bank Limited
743,SUBROS,Subros Limited
744,PILANIINVS,Pilani Investment and Industries Corporation Limited
745,GULFOILLUB,Gulf Oil Lubricants India Limited
746,GREAVESCOT,Greaves Cotton Limited
747,EMUDHRA,eMudhra Limited
748,IDEAFORGE,Ideaforge Technology Limited
749,KIRLOSIND,Kirloskar Industries Limited
750,UFLEX,UFLEX Limited
751,GANESHHOUC,Ganesh Housing Corporation Limited
752,DYNAMATECH,Dynamatic Technologies Limited
753,MAITHANALL,Maithan Alloys Limited
754,TVSSRICHAK,TVS Srichakra Limited
755,LANDMARK,Landmark Cars Limited
756,KSCL,Kaveri Seed Company Limited
757,NAVNETEDUL,Navneet Education Limited
758,TASTYBITE,Tasty Bite Eatables Limited
759,THYROCARE,Thyrocare Technologies Limited
760,SAKSOFT,Saksoft Limited
761,TATAMETALI,Tata Metaliks Limited
762,GMRP&UI,GMR Power and Urban Infra Limited
763,DISHTV,Dish TV India Limited
764,CARTRADE,Cartrade Tech Limited
765,DALMIASUG,Dalmia Bharat Sugar and Industries Limited
766,NILKAMAL,Nilkamal Limited
767,SAGCEM,Sagar Cements Limited
768,DCXINDIA,DCX Systems Limited
769,POLYPLEX,Polyplex Corporation Limited
770,TRIL,Transformers And Rectifiers (India) Limited
771,SANGHIIND,Sanghi Industries Limited
772,SHALBY,Shalby Limited
773,VSTTILLERS,V.S.T Tillers Tractors Limited
774,GRWRHITECH,Garware Hi-Tech Films Limited
775,NRBBEARING,NRB Bearing Limited
776,SUNDARMHLD,Sundaram Finance Holdings Limited
777,AUTOAXLES,Automotive Axles Limited
778,YATHARTH,Yatharth Hospital & Trauma Care Services Limited
779,BANARISUG,Bannari Amman Sugars Limited
780,GENSOL,Gensol Engineering Limited
781,BOMDYEING,Bombay Dyeing & Mfg Company Limited
782,PFOCUS,Prime Focus Limited
783,GUFICBIO,Gufic Biosciences Limited
784,SBCL,Shivalik Bimetal Controls Limited
785,BAJAJCON,Bajaj Consumer Care Limited
786,INNOVACAP,Innova Captab Limited
787,INOXGREEN,Inox Green Energy Services Limited
788,SUNCLAY,Sundaram Clayton Limited
789,SOMANYCERA,Somany Ceramics Limited
790,MOLDTKPAC,Mold-Tek Packaging Limited
791,JCHAC,Johnson Controls - Hitachi Air Conditioning India Limited
792,DIVGIITTS,Divgi Torqtransfer Systems Limited
793,PRAKASH,Prakash Industries Limited
794,APOLLO,Apollo Micro Systems Limited
795,SANDHAR,Sandhar Technologies Limited
796,GREENPLY,Greenply Industries Limited
797,SWARAJENG,Swaraj Engines Limited
798,WENDT,Wendt (India) Limited
799,STYLAMIND,Stylam Industries Limited
800,CIGNITITEC,Cigniti Technologies Limited
801,MPSLTD,MPS Limited
802,IFGLEXPOR,IFGL Refractories Limited
803,KINGFA,Kingfa Science & Technology (India) Limited
804,SHILPAMED,Shilpa Medicare Limited
805,DREAMFOLKS,Dreamfolks Services Limited
806,SEPC,SEPC Limited
807,IMAGICAA,Imagicaaworld Entertainment Limited
808,UNICHEMLAB,Unichem Laboratories Limited
809,MUKANDLTD,Mukand Limited
810,VENUSPIPES,Venus Pipes & Tubes Limited
811,SEQUENT,Sequent Scientific Limited
812,CARERATING,CARE Ratings Limited
813,PGIL,Pearl Global Industries Limited
814,HERITGFOOD,Heritage Foods Limited
815,BSHSL,Bombay Super Hybrid Seeds Limited
816,TARSONS,Tarsons Products Limited
817,PARAS,Paras Defence and Space Technologies Limited
818,MAHLOG,Mahindra Logistics Limited
819,JINDALPOLY,Jindal Poly Films Limited
820,FIEMIND,Fiem Industries Limited
821,PSPPROJECT,PSP Projects Limited
822,ISMTLTD,ISMT Limited
823,VENKEYS,Venky's (India) Limited
824,BBL,Bharat Bijlee Limited
825,PARAGMILK,Parag Milk Foods Limited
826,DEN,Den Networks Limited
827,ZAGGLE,Zaggle Prepaid Ocean Services Limited
828,IOLCP,IOL Chemicals and Pharmaceuticals Limited
829,ASHIANA,Ashiana Housing Limited
830,PFS,PTC India Financial Services Limited
831,ANUP,The Anup Engineering Limited
832,IMFA,Indian Metals & Ferro Alloys Limited
833,APOLLOPIPE,Apollo Pipes Limited
834,VPRPL,Vishnu Prakash R Punglia Limited
835,DCAL,Dishman Carbogen Amcis Limited
836,GANDHAR,Gandhar Oil Refinery (India) Limited
837,GOODLUCK,Goodluck India Limited
838,OPTIEMUS,Optiemus Infracom Limited
839,SEAMECLTD,Seamec Limited
840,SATIN,Satin Creditcare Network Limited
841,APCOTEXIND,Apcotex Industries Limited
842,GIPCL,Gujarat Industries Power Company Limited
843,LUMAXTECH,Lumax Auto Technologies Limited
844,DOLLAR,Dollar Industries Limited
845,BARBEQUE,Barbeque Nation Hospitality Limited
846,UNIPARTS,Uniparts India Limited
847,VINDHYATEL,Vindhya Telelinks Limited
848,MBAPL,Madhya Bharat Agro Products Limited
849,GOCLCORP,GOCL Corporation Limited
850,DIAMONDYD,Prataap Snacks Limited
851,CONFIPET,Confidence Petroleum India Limited
852,STYRENIX,Styrenix Performance Materials Limited
853,SUPRIYA,Supriya Lifescience Limited
854,EVEREADY,Eveready Industries India Limited
855,GLOBUSSPR,Globus Spirits Limited
856,BEPL,Bhansali Engineering Polymers Limited
857,UGROCAP,Ugro Capital Limited
858,MOREPENLAB,Morepen Laboratories Limited
859,MAYURUNIQ,Mayur Uniquoters Ltd
860,HMT,HMT Limited
861,MUFIN,Mufin Green Finance Limited
862,TIDEWATER,Tide Water Oil Company (India) Limited
863,IKIO,IKIO Lighting Limited
864,REPCOHOME,Repco Home Finance Limited
865,AXISCADES,AXISCADES Technologies Limited
866,FOSECOIND,Foseco India Limited
867,ARTEMISMED,Artemis Medicare Services Limited
868,SOTL,Savita Oil Technologies Limited
869,ANDHRAPAP,ANDHRA PAPER LIMITED
870,SIYSIL,Siyaram Silk Mills Limited
871,HONDAPOWER,Honda India Power Products Limited
872,HINDOILEXP,Hindustan Oil Exploration Company Limited
873,INDIAGLYCO,India Glycols Limited
874,TCNSBRANDS,TCNS Clothing Co. Limited
875,PRECAM,Precision Camshafts Limited
876,EMSLIMITED,EMS Limited
877,SKIPPER,Skipper Limited
878,DHANI,Dhani Services Limited
879,MMFL,MM Forgings Limited
880,VISHNU,Vishnu Chemicals Limited
881,ALEMBICLTD,Alembic Limited
882,LUMAXIND,Lumax Industries Limited
883,KRSNAA,Krsnaa Diagnostics Limited
884,CAMLINFINE,Camlin Fine Sciences Limited
885,YATRA,Yatra Online Limited
886,MANORAMA,Manorama Industries Limited
887,PITTIENG,Pitti Engineering Limited
888,TIRUMALCHM,Thirumalai Chemicals Limited
889,UDS,Updater Services Limited
890,SIRCA,Sirca Paints India Limited
891,SESHAPAPER,Seshasayee Paper and Boards Limited
892,BFUTILITIE,BF Utilities Limited
893,RISHABH,Rishabh Instruments Limited
894,IRMENERGY,IRM Energy Limited
895,RPGLIFE,RPG Life Sciences Limited
896,CARYSIL,CARYSIL LIMITED
897,SDBL,Som Distilleries & Breweries Limited
898,ADFFOODS,ADF Foods Limited
899,ORIENTHOT,Oriental Hotels Limited
900,FILATEX,Filatex India Limited
901,PCJEWELLER,PC Jeweller Limited
902,63MOONS,63 moons technologies limited
903,FINOPB,Fino Payments Bank Limited
904,EVERESTIND,Everest Industries Limited
905,RPSGVENT,RPSG VENTURES LIMITED
906,HUHTAMAKI,Huhtamaki India Limited
907,PRECWIRE,Precision Wires India Limited
908,GTPL,GTPL Hathway Limited
909,ASTEC,Astec LifeSciences Limited
910,XPROINDIA,Xpro India Limited
911,SADHNANIQ,Sadhana Nitrochem Limited
912,GANECOS,Ganesha Ecosphere Limited
913,GREENPOWER,Orient Green Power Company Limited
914,JINDRILL,Jindal Drilling And Industries Limited
915,RUPA,Rupa & Company Limited
916,SANGAMIND,Sangam (India) Limited
917,ARMANFIN,Arman Financial Services Limited
918,ATFL,Agro Tech Foods Limited
919,HIL,HIL Limited
920,MTNL,Mahanagar Telephone Nigam Limited
921,KSL,Kalyani Steels Limited
922,ACCELYA,Accelya Solutions India Limited
923,SASKEN,Sasken Technologies Limited
924,BHARATWIRE,Bharat Wire Ropes Limited
925,SHRIRAMPPS,Shriram Properties Limited
926,INDOSTAR,IndoStar Capital Finance Limited
927,SALASAR,Salasar Techno Engineering Limited
928,VIDHIING,Vidhi Specialty Food Ingredients Limited
929,TNPL,Tamil Nadu Newsprint & Papers Limited
930,PARACABLES,Paramount Communications Limited
931,KIRIINDUS,Kiri Industries Limited
932,TCPLPACK,TCPL Packaging Limited
933,ADORWELD,Ador Welding Limited
934,MANGLMCEM,Mangalam Cement Limited
935,JAGRAN,Jagran Prakashan Limited
936,RIIL,Reliance Industrial Infrastructure Limited
937,SPECTRUM,Spectrum Electrical Industries Limited
938,EXPLEOSOL,Expleo Solutions Limited
939,BFINVEST,BF Investment Limited
940,SHK,S H Kelkar and Company Limited
941,PANAMAPET,Panama Petrochem Limited
942,VAKRANGEE,Vakrangee Limited
943,FMGOETZE,Federal-Mogul Goetze (India) Limited.
944,AEROFLEX,Aeroflex Industries Limited
945,TTKHLTCARE,TTK Healthcare Limited
946,INSECTICID,Insecticides (India) Limited
947,VERANDA,Veranda Learning Solutions Limited
948,THEJO,Thejo Engineering Limited
949,KCP,KCP Limited
950,MOL,Meghmani Organics Limited
951,CANTABIL,Cantabil Retail India Limited
952,THEMISMED,Themis Medicare Limited
953,MARATHON,Marathon Nextgen Realty Limited
954,ARVSMART,Arvind SmartSpaces Limited
955,QUICKHEAL,Quick Heal Technologies Limited
956,SJS,S.J.S. Enterprises Limited
957,SMLISUZU,SML Isuzu Limited
958,GNA,GNA Axles Limited
959,SUBEXLTD,Subex Limited
960,DPSCLTD,DPSC Limited
961,RAMCOIND,Ramco Industries Limited
962,JASH,Jash Engineering Limited
963,SHAKTIPUMP,Shakti Pumps (India) Limited
964,MUFTI,Credo Brands Marketing Limited
965,GEOJITFSL,Geojit Financial Services Limited
966,BUTTERFLY,Butterfly Gandhimathi Appliances Limited
967,YASHO,Yasho Industries Limited
968,TALBROAUTO,Talbros Automotive Components Limited
969,CAPACITE,Capacit'e Infraprojects Limited
970,RANEHOLDIN,Rane Holdings Limited
971,GOKULAGRO,Gokul Agro Resources Limited
972,GOLDIAM,Goldiam International Limited
973,VADILALIND,Vadilal Industries Limited
974,NITINSPIN,Nitin Spinners Limited
975,NELCO,NELCO Limited
976,MADRASFERT,Madras Fertilizers Limited
977,VSSL,Vardhman Special Steels Limited
978,HLVLTD,HLV LIMITED
979,RAMASTEEL,Rama Steel Tubes Limited
980,ROSSELLIND,Rossell India Limited
981,PIXTRANS,Pix Transmissions Limited
982,SUVEN,Suven Life Sciences Limited
983,5PAISA,5Paisa Capital Limited
984,UNITECH,Unitech Limited
985,PNBGILTS,PNB Gilts Limited
986,CENTUM,Centum Electronics Limited
987,AMRUTANJAN,Amrutanjan Health Care Limited
988,HARIOMPIPE,Hariom Pipe Industries Limited
989,MANINDS,Man Industries (India) Limited
990,BCLIND,Bcl Industries Limited
991,PREMEXPLN,Premier Explosives Limited
992,WHEELS,Wheels India Limited
993,NDTV,New Delhi Television Limited
994,DHAMPURSUG,Dhampur Sugar Mills Limited
995,PENIND,Pennar Industries Limited
996,DCW,DCW Limited
997,DREDGECORP,Dredging Corporation of India Limited
998,NSIL,Nalwa Sons Investments Limited
999,SPCENET,Spacenet Enterprises India Limited
1000,GTLINFRA,GTL Infrastructure Limited
1001,SURYODAY,Suryoday Small Finance Bank Limited
1002,UNIVCABLES,Universal Cables Limited
1003,SICALLOG,Sical Logistics Limited
1004,HIMATSEIDE,Himatsingka Seide Limited
1005,FAIRCHEMOR,Fairchem Organics Limited
1006,DEEPINDS,Deep Industries Limited
1007,DWARKESH,Dwarikesh Sugar Industries Limited
1008,IGARASHI,Igarashi Motors India Limited
1009,SHANKARA,Shankara Building Products Limited
1010,SERVOTECH,Servotech Power Systems Limited
1011,PUNJABCHEM,Punjab Chemicals & Crop Protection Limited
1012,ACLGATI,Allcargo Gati Limited
1013,CONTROLPR,Control Print Limited
1014,COSMOFIRST,COSMO FIRST LIMITED
1015,HPL,HPL Electric & Power Limited
1016,BHAGCHEM,Bhagiradha Chemicals & Industries Limited
1017,AHL,Abans Holdings Limited
1018,HERANBA,Heranba Industries Limited
1019,ATULAUTO,Atul Auto Limited
1020,GVKPIL,GVK Power & Infrastructure Limited
1021,INDRAMEDCO,Indraprastha Medical Corporation Limited
1022,SIGACHI,Sigachi Industries Limited
1023,NPST,Network People Services Technologies Limited
1024,HITECH,Hi-Tech Pipes Limited
1025,SPIC,Southern Petrochemicals Industries Corporation  Limited
1026,AJMERA,Ajmera Realty & Infra India Limited
1027,MVGJL,Manoj Vaibhav Gems N Jewellers Limited
1028,VASCONEQ,Vascon Engineers Limited
1029,GENESYS,Genesys International Corporation Limited
1030,UTTAMSUGAR,Uttam Sugar Mills Limited
1031,NIITLTD,NIIT Limited
1032,SHAILY,Shaily Engineering Plastics Limited
1033,NAVKARCORP,Navkar Corporation Limited
1034,GEPIL,GE Power India Limited
1035,BAJEL,Bajel Projects Limited
1036,SPAL,S. P. Apparels Limited
1037,APTECHT,Aptech Limited
1038,ANDHRSUGAR,The Andhra Sugars Limited
1039,KUANTUM,Kuantum Papers Limited
1040,KRISHANA,Krishana Phoschem Limited
1041,KITEX,Kitex Garments Limited
1042,CUPID,Cupid Limited
1043,POKARNA,Pokarna Limited
1044,KABRAEXTRU,Kabra Extrusion Technik Limited
1045,STOVEKRAFT,Stove Kraft Limited
1046,DPABHUSHAN,D. P. Abhushan Limited
1047,MONARCH,Monarch Networth Capital Limited
1048,JSLL,Jeena Sikho Lifecare Limited
1049,OMINFRAL,OM INFRA LIMITED
1050,SURAJEST,Suraj Estate Developers Limited
1051,MONTECARLO,Monte Carlo Fashions Limited
1052,NACLIND,NACL Industries Limited
1053,KOKUYOCMLN,Kokuyo Camlin Limited
1054,PENINLAND,Peninsula Land Limited
1055,MANGCHEFER,Mangalore Chemicals & Fertilizers Limited
1056,IGPL,IG Petrochemicals Limited
1057,BLKASHYAP,B. L. Kashyap and Sons Limited
1058,KICL,Kalyani Investment Company Limited
1059,TAJGVK,Taj GVK Hotels & Resorts Limited
1060,EKC,Everest Kanto Cylinder Limited
1061,JITFINFRA,JITF Infralogistics Limited
1062,HARDWYN,Hardwyn India Limited
1063,SYNCOMF,Syncom Formulations (India) Limited
1064,BETA,Beta Drugs Limited
1065,EIHAHOTELS,EIH Associated Hotels Limited
1066,ONWARDTEC,Onward Technologies Limited
1067,KSOLVES,Ksolves India Limited
1068,ALICON,Alicon Castalloy Limited
1069,AVTNPL,AVT Natural Products Limited
1070,SATIA,Satia Industries Limited
1071,VALIANTORG,Valiant Organics Limited
1072,SUMMITSEC,Summit Securities Limited
1073,AGARIND,Agarwal Industrial Corporation Limited
1074,NGLFINE,NGL Fine-Chem Limited
1075,SHREDIGCEM,Shree Digvijay Cement Co.Ltd
1076,AWHCL,Antony Waste Handling Cell Limited
1077,NELCAST,Nelcast Limited
1078,OMAXE,Omaxe Limited
1079,MANALIPETC,Manali Petrochemicals Limited
1080,HEUBACHIND,Heubach Colorants India Limited
1081,INDORAMA,Indo Rama Synthetics (India) Limited
1082,COFFEEDAY,Coffee Day Enterprises Limited
1083,OAL,Oriental Aromatics Limited
1084,AVADHSUGAR,Avadh Sugar & Energy Limited
1085,DCMSRIND,DCM Shriram Industries Limited
1086,TEXINFRA,Texmaco Infrastructure & Holdings Limited
1087,RML,Rane (Madras) Limited
1088,REFEX,Refex Industries Limited
1089,ROTO,Roto Pumps Limited
1090,GULPOLY,Gulshan Polyols Limited
1091,MARINE,Marine Electricals (India) Limited
1092,SASTASUNDR,Sastasundar Ventures Limited
1093,RAMRAT,Ram Ratna Wires Limited
1094,SATINDLTD,Sat Industries Limited
1095,BLISSGVS,Bliss GVS Pharma Limited
1096,SOLARA,Solara Active Pharma Sciences Limited
1097,ATL,Allcargo Terminals Limited
1098,MATRIMONY,Matrimony.Com Limited
1099,GMBREW,GM Breweries Limited
1100,STERTOOLS,Sterling Tools Limited
1101,SHALPAINTS,Shalimar Paints Limited
1102,CLSEL,Chaman Lal Setia Exports Limited
1103,INDIANHUME,Indian Hume Pipe Company Limited
1104,TVTODAY,TV Today Network Limited
1105,REPRO,Repro India Limited
1106,IMPAL,India Motor Parts and Accessories Limited
1107,STEELCAS,Steelcast Limited
1108,HESTERBIO,Hester Biosciences Limited
1109,JYOTISTRUC,Jyoti Structures Limited
1110,ZOTA,Zota Health Care LImited
1111,LINCOLN,Lincoln Pharmaceuticals Limited
1112,INDNIPPON,India Nippon Electricals Limited
1113,XCHANGING,Xchanging Solutions Limited
1114,CENTRUM,Centrum Capital Limited
1115,RICOAUTO,Rico Auto Industries Limited
1116,FOCUS,Focus Lighting and Fixtures Limited
1117,KOPRAN,Kopran Limited
1118,BIGBLOC,Bigbloc Construction Limited
1119,SHIVALIK,Shivalik Rasayan Limited
1120,GICHSGFIN,GIC Housing Finance Limited
1121,JAYBARMARU,Jay Bharat Maruti Limited
1122,DLINKINDIA,D-Link (India) Limited
1123,TFCILTD,Tourism Finance Corporation of India Limited
1124,INNOVANA,Innovana Thinklabs Limited
1125,EXCELINDUS,Excel Industries Limited
1126,ONMOBILE,OnMobile Global Limited
1127,GRMOVER,GRM Overseas Limited
1128,REMUS,Remus Pharmaceuticals Limited
1129,TRACXN,Tracxn Technologies Limited
1130,HERCULES,Hercules Hoists Limited
1131,AGSTRA,AGS Transact Technologies Limited
1132,TREL,Transindia Real Estate Limited
1133,ARIHANTSUP,Arihant Superstructures Limited
1134,DVL,Dhunseri Ventures Limited
1135,UNIENTER,Uniphos Enterprises Limited
1136,LIKHITHA,Likhitha Infrastructure Limited
1137,GANESHBE,Ganesh Benzoplast Limited
1138,SKYGOLD,Sky Gold Limited
1139,SPORTKING,Sportking India Limited
1140,FAZE3Q,Faze Three Limited
1141,KAMOPAINTS,Kamdhenu Ventures Limited
1142,CHEMCON,Chemcon Speciality Chemicals Limited
1143,RAJRILTD,Raj Rayon Industries Limited
1144,GFLLIMITED,GFL Limited
1145,INFOBEAN,InfoBeans Technologies Limited
1146,CREATIVE,Creative Newtech Limited
1147,SMCGLOBAL,SMC Global Securities Limited
1148,SNOWMAN,Snowman Logistics Limited
1149,CONSOFINVT,Consolidated Finvest & Holdings Limited
1150,NINSYS,NINtec Systems Limited
1151,ASIANENE,Asian Energy Services Limited
1152,MKPL,M K Proteins Limited
1153,GIRIRAJ,Giriraj Civil Developers Limited
1154,SBGLP,Suratwwala Business Group Limited
1155,BODALCHEM,Bodal Chemicals Limited
1156,RUSHIL,Rushil Decor Limited
1157,V2RETAIL,V2 Retail Limited
1158,VISHNUINFR,Vishnusurya Projects and Infra Limited
1159,BAJAJHCARE,Bajaj Healthcare Limited
1160,CSLFINANCE,CSL Finance Limited
1161,RAMCOSYS,Ramco Systems Limited
1162,PANACEABIO,Panacea Biotec Limited
1163,RSWM,RSWM Limited
1164,NAHARSPING,Nahar Spinning Mills Limited
1165,JAGSNPHARM,Jagsonpal Pharmaceuticals Limited
1166,SKMEGGPROD,SKM Egg Products Export (India) Limited
1167,DBOL,Dhampur Bio Organics Limited
1168,NCLIND,NCL Industries Limited
1169,SMSPHARMA,SMS Pharmaceuticals Limited
1170,ACL,Andhra Cements Limited
1171,VHL,Vardhman Holdings Limited
1172,NDRAUTO,Ndr Auto Components Limited
1173,LINC,Linc Limited
1174,ALLSEC,Allsec Technologies Limited
1175,ONEPOINT,One Point One Solutions Limited
1176,RGL,Renaissance Global Limited
1177,DENTALKART,Vasa Denticity Limited
1178,STEELXIND,STEEL EXCHANGE INDIA LIMITED
1179,KAMDHENU,Kamdhenu Limited
1180,AMBIKCO,Ambika Cotton Mills Limited
1181,KELLTONTEC,Kellton Tech Solutions Limited
1182,ICEMAKE,Ice Make Refrigeration Limited
1183,SPENCERS,Spencer's Retail Limited
1184,MOTISONS,Motisons Jewellers Limited
1185,SRHHYPOLTD,Sree Rayalaseema Hi-Strength Hypo Limited
1186,MAGADSUGAR,Magadh Sugar & Energy Limited
1187,GPTINFRA,GPT Infraprojects Limited
1188,SCHAND,S Chand And Company Limited
1189,ASIANTILES,Asian Granito India Limited
1190,DYCL,Dynamic Cables Limited
1191,SUTLEJTEX,Sutlej Textiles and Industries Limited
1192,E2E,E2E Networks Limited
1193,WEBELSOLAR,Websol Energy System Limited
1194,RADIANTCMS,Radiant Cash Management Services Limited
1195,PPL,Prakash Pipes Limited
1196,CENTENKA,Century Enka Limited
1197,ZEEMEDIA,Zee Media Corporation Limited
1198,GANDHITUBE,Gandhi Special Tubes Limited
1199,MSPL,MSP Steel & Power Limited
1200,YUKEN,Yuken India Limited
1201,HIRECT,Hind Rectifiers Limited
1202,EIMCOELECO,Eimco Elecon (India) Limited
1203,UGARSUGAR,The Ugar Sugar Works Limited
1204,AMNPLST,Amines & Plasticizers Limited
1205,HPAL,HP Adhesives Limited
1206,SREEL,Sreeleathers Limited
1207,ORIENTPPR,Orient Paper & Industries Limited
1208,SPECIALITY,Speciality Restaurants Limited
1209,JUBLINDS,Jubilant Industries Limited
1210,TRU,TruCap Finance Limited
1211,ORIANA,Oriana Power Limited
1212,TNPETRO,Tamilnadu PetroProducts Limited
1213,VIMTALABS,Vimta Labs Limited
1214,DPWIRES,D P Wires Limited
1215,KERNEX,Kernex Microsystems (India) Limited
1216,WINDLAS,Windlas Biotech Limited
1217,DHARMAJ,Dharmaj Crop Guard Limited
1218,VINYAS,Vinyas Innovative Technologies Limited
1219,INDOAMIN,Indo Amines Limited
1220,SILVERTUC,Silver Touch Technologies Limited
1221,GKWLIMITED,GKW Limited
1222,ASALCBR,Associated Alcohols & Breweries Ltd.
1223,MUNJALAU,Munjal Auto Industries Limited
1224,ENIL,Entertainment Network (India) Limited
1225,BLAL,BEML Land Assets Limited
1226,ROHLTD,Royal Orchid Hotels Limited
1227,CHEVIOT,Cheviot Company Limited
1228,WALCHANNAG,Walchandnagar Industries Limited
1229,MANAKSIA,Manaksia Limited
1230,HITECHGEAR,The Hi-Tech Gears Limited
1231,FOODSIN,Foods & Inns Limited
1232,PAKKA,PAKKA LIMITED
1233,BIRLACABLE,Birla Cable Limited
1234,KOTHARIPET,Kothari Petrochemicals Limited
1235,SAKAR,Sakar Healthcare Limited
1236,KOTYARK,Kotyark Industries Limited
1237,TBZ,Tribhovandas Bhimji Zaveri Limited
1238,SANDESH,The Sandesh Limited
1239,HEXATRADEX,Hexa Tradex Limited
1240,BCONCEPTS,Brand Concepts Limited
1241,VINYLINDIA,Vinyl Chemicals (India) Limited
1242,OCCL,Oriental Carbon & Chemicals Limited
1243,DMCC,DMCC SPECIALITY CHEMICALS LIMITED
1244,3IINFOLTD,3i Infotech Limited
1245,STCINDIA,The State Trading Corporation of India Limited
1246,CREST,Crest Ventures Limited
1247,DENORA,De Nora India Limited
1248,SWELECTES,Swelect Energy Systems Limited
1249,ZUARI,Zuari Agro Chemicals Limited
1250,DECCANCE,Deccan Cements Limited
1251,DSSL,Dynacons Systems & Solutions Limited
1252,MOLDTECH,Mold-Tek Technologies Limited
1253,RUBYMILLS,The Ruby Mills Limited
1254,DHANBANK,Dhanlaxmi Bank Limited
1255,URJA,Urja Global Limited
1256,NAGAFERT,Nagarjuna Fertilizers and Chemicals Limited
1257,MAANALU,Maan Aluminium Limited
1258,MENONBE,Menon Bearings Limited
1259,SUKHJITS,Sukhjit Starch & Chemicals Limited
1260,PLASTIBLEN,Plastiblends India Limited
1261,MEDICAMEQ,Medicamen Biotech Limited
1262,GSLSU,Global Surfaces Limited
1263,ADSL,Allied Digital Services Limited
1264,VALIANTLAB,Valiant Laboratories Limited
1265,BALAJITELE,Balaji Telefilms Limited
1266,JAYAGROGN,Jayant Agro Organics Limited
1267,SELAN,Selan Exploration Technology Limited
1268,MICEL,MIC Electronics Limited
1269,VISAKAIND,Visaka Industries Limited
1270,ESTER,Ester Industries Limited
1271,EMKAYTOOLS,Emkay Taps and Cutting Tools Limited
1272,KECL,Kirloskar Electric Company Limited
1273,ELIN,Elin Electronics Limited
1274,INDOBORAX,Indo Borax & Chemicals Limited
1275,ARIHANTCAP,Arihant Capital Markets Limited
1276,DHUNINV,Dhunseri Investments Limited
1277,NECLIFE,Nectar Lifesciences Limited
1278,SEMAC,SEMAC CONSULTANTS LIMITED
1279,EMAMIPAP,Emami Paper Mills Limited
1280,BHAGERIA,Bhageria Industries Limited
1281,ELDEHSG,Eldeco Housing And Industries Limited
1282,VLSFINANCE,VLS Finance Limited
1283,VIKASLIFE,Vikas Lifecare Limited
1284,SHREEPUSHK,Shree Pushkar Chemicals & Fertilisers Limited
1285,FCSSOFT,FCS Software Solutions Limited
1286,PYRAMID,Pyramid Technoplast Limited
1287,CHEMBOND,Chembond Chemicals Ltd
1288,MAXIND,Max India Limited
1289,INDOTECH,Indo Tech Transformers Limited
1290,BGRENERGY,BGR Energy Systems Limited
1291,APEX,Apex Frozen Foods Limited
1292,MEDICO,Medico Remedies Limited
1293,BASILIC,Basilic Fly Studio Limited
1294,MALLCOM,Mallcom (India) Limited
1295,NRAIL,N R Agarwal Industries Limited
1296,SALZERELEC,Salzer Electronics Limited
1297,AXITA,Axita Cotton Limited
1298,OSWALGREEN,Oswal Greentech Limited
1299,KHAICHEM,Khaitan Chemicals & Fertilizers Limited
1300,HMVL,Hindustan Media Ventures Limited
1301,HCL-INSYS,HCL Infosystems Limited
1302,HINDCOMPOS,Hindustan Composites Limited
1303,CELLECOR,Cellecor Gadgets Limited
1304,GHCLTEXTIL,GHCL Textiles Limited
1305,KAMATHOTEL,Kamat Hotels (I) Limited
1306,ASAL,Automotive Stampings and Assemblies Limited
1307,TVSELECT,TVS Electronics Limited
1308,ARROWGREEN,Arrow Greentech Limited
1309,ESSARSHPNG,Essar Shipping Limited
1310,IRISDOREME,Iris Clothings Limited
1311,RBL,Rane Brake Lining Limited
1312,RITCO,Ritco Logistics Limited
1313,JETAIRWAYS,Jet Airways (India) Limited
1314,VERTOZ,Vertoz Advertising Limited
1315,LOKESHMACH,Lokesh Machines Limited
1316,DIGISPICE,DiGiSPICE Technologies Limited
1317,JPOLYINVST,Jindal Poly Investment and Finance Company Limited
1318,GRPLTD,GRP Limited
1319,KHADIM,Khadim India Limited
1320,MIRZAINT,Mirza International Limited
1321,VLEGOV,VL E-Governance & IT Solutions Limited
1322,HUBTOWN,Hubtown Limited
1323,SBC,SBC Exports Limited
1324,APCL,Anjani Portland Cement Limited
1325,DEEPENR,DEEP ENERGY RESOURCES LIMITED
1326,20MICRONS,20 Microns Limited
1327,MUTHOOTCAP,Muthoot Capital Services Limited
1328,RACE,Race Eco Chain Limited
1329,ACCENTMIC,Accent Microcell Limited
1330,SHREYAS,Shreyas Shipping & Logistics Limited
1331,INDSWFTLAB,Ind-Swift Laboratories Limited
1332,GLOBAL,Global Education Limited
1333,ORIENTCER,ORIENT CERATECH LIMITED
1334,JINDALPHOT,Jindal Photo Limited
1335,KRISHIVAL,Krishival Foods Limited
1336,THEINVEST,The Investment Trust Of India Limited
1337,MACPOWER,Macpower CNC Machines Limited
1338,KILITCH,Kilitch Drugs (India) Limited
1339,STEL,Stel Holdings Limited
1340,MINDTECK,Mindteck (India) Limited
1341,ORIENTBELL,Orient Bell Limited
1342,HTMEDIA,HT Media Limited
1343,RADIOCITY,Music Broadcast Limited
1344,NIPPOBATRY,Indo-National Limited
1345,OSIAHYPER,Osia Hyper Retail Limited
1346,ZUARIIND,ZUARI INDUSTRIES LIMITED
1347,KANORICHEM,Kanoria Chemicals & Industries Limited
1348,BIRLAMONEY,Aditya Birla Money Limited
1349,POCL,Pondy Oxides & Chemicals Limited
1350,MUNJALSHOW,Munjal Showa Limited
1351,INTLCONV,International Conveyors Limited
1352,AARTISURF,Aarti Surfactants Limited
1353,BBTCL,B&B Triplewall Containers Limited
1354,CYBERTECH,Cybertech Systems And Software Limited
1355,COOLCAPS,Cool Caps Industries Limited
1356,ZIMLAB,Zim Laboratories Limited
1357,RATNAVEER,Ratnaveer Precision Engineering Limited
1358,PRIMESECU,Prime Securities Limited
1359,BEDMUTHA,Bedmutha Industries Limited
1360,ALBERTDAVD,Albert David Limited
1361,KRITI,Kriti Industries (India) Limited
1362,NAHARPOLY,Nahar Poly Films Limited
1363,WINDMACHIN,Windsor Machines Limited
1364,UNIDT,United Drilling Tools Limited
1365,NAHARINDUS,Nahar Industrial Enterprises Limited
1366,CLEDUCATE,CL Educate Limited
1367,PTL,PTL Enterprises Limited
1368,WEL,Wonder Electricals Limited
1369,VENUSREM,Venus Remedies Limited
1370,DIAMINESQ,Diamines  & Chemicals Limited
1371,WSI,W S Industries (I) Limited
1372,GOKUL,Gokul Refoils and Solvent Limited
1373,SARVESHWAR,Sarveshwar Foods Limited
1374,MMP,MMP Industries Limited
1375,RADHIKAJWE,Radhika Jeweltech Limited
1376,ORICONENT,Oricon Enterprises Limited
1377,CHEMFAB,Chemfab Alkalis Limited
1378,SAHANA,Sahana System Limited
1379,MAZDA,Mazda Limited
1380,GOACARBON,Goa Carbon Limited
1381,ANNAPURNA,Annapurna Swadisht Limited
1382,PROZONER,Prozone Realty Limited
1383,ASMS,Bartronics India Limited
1384,EXXARO,Exxaro Tiles Limited
1385,DONEAR,Donear Industries Limited
1386,DOLPHIN,Dolphin Offshore Enterprises (India) Limited
1387,NAHARCAP,Nahar Capital and Financial Services Limited
1388,AUTOIND,Autoline Industries Limited
1389,PHANTOMFX,Phantom Digital Effects Limited
1390,TIRUPATI,Shree Tirupati Balajee FIBC Limited
1391,PAVNAIND,Pavna Industries Limited
1392,BANSWRAS,Banswara Syntex Limited
1393,MEGASOFT,Megasoft Limited
1394,GENUSPAPER,Genus Paper & Boards Limited
1395,PDMJEPAPER,Pudumjee Paper Products Limited
1396,NDLVENTURE,NDL Ventures Limited
1397,ALLETEC,All E Technologies Limited
1398,SIGMA,Sigma Solve Limited
1399,ORBTEXP,Orbit Exports Limited
1400,GEECEE,GeeCee Ventures Limited
1401,VARDHACRLC,Vardhman Acrylics Limited
1402,GEEKAYWIRE,Geekay Wires Limited
1403,LIBERTSHOE,Liberty Shoes Limited
1404,ADVANIHOTR,Advani Hotels & Resorts (India) Limited
1405,MBLINFRA,MBL Infrastructure Limited
1406,SARLAPOLY,Sarla Performance Fibers Limited
1407,SOUTHWEST,South West Pinnacle Exploration Limited
1408,UNIVPHOTO,Universus Photo Imagings Limited
1409,VIKASECO,Vikas EcoTech Limited
1410,EUROBOND,Euro Panel Products Limited
1411,SHIVAMAUTO,Shivam Autotech Limited
1412,PARSVNATH,Parsvnath Developers Limited
1413,NEWJAISA,Newjaisa Technologies Limited
1414,KRISHNADEF,Krishna Defence and Allied Industries Limited
1415,RBZJEWEL,RBZ Jewellers Limited
1416,IFBAGRO,IFB Agro Industries Limited
1417,SPMLINFRA,SPML Infra Limited
1418,WEALTH,Wealth First Portfolio Managers Limited
1419,SIMPLEXINF,Simplex Infrastructures Limited
1420,SILINV,SIL Investments Limited
1421,NBIFIN,N. B. I. Industrial Finance Company Limited
1422,OSWALAGRO,Oswal Agro Mills Limited
1423,DICIND,DIC India Limited
1424,MODISONLTD,MODISON LIMITED
1425,SGIL,Synergy Green Industries Limited
1426,ASIANHOTNR,Asian Hotels (North) Limited
1427,SAHYADRI,Sahyadri Industries Limited
1428,AVG,AVG Logistics Limited
1429,BALAXI,BALAXI PHARMACEUTICALS LIMITED
1430,RPPINFRA,R.P.P. Infra Projects Limited
1431,KAYA,Kaya Limited
1432,HITECHCORP,Hitech Corporation Limited
1433,PLAZACABLE,Plaza Wires Limited
1434,CINELINE,Cineline India Limited
1435,SHYAMCENT,Shyam Century Ferrous Limited
1436,KOTARISUG,Kothari Sugars And Chemicals Limited
1437,GOLDTECH,Goldstone Technologies Limited
1438,SHEMAROO,Shemaroo Entertainment Limited
1439,KRITINUT,Kriti Nutrients Limited
1440,OSWALSEEDS,ShreeOswal Seeds And Chemicals Limited
1441,UFO,UFO Moviez India Limited
1442,ESFL,Essen Speciality Films Limited
1443,KORE,Jay Jalaram Technologies Limited
1444,NURECA,Nureca Limited
1445,LORDSCHLO,Lords Chloro Alkali Limited
1446,SHIVAUM,Shiv Aum Steels Limited
1447,BRNL,Bharat Road Network Limited
1448,BPL,BPL Limited
1449,SAKUMA,Sakuma Exports Limited
1450,TRIGYN,Trigyn Technologies Limited
1451,EMAMIREAL,Emami Realty Limited
1452,WANBURY,Wanbury Limited
1453,DUGLOBAL,DUDIGITAL GLOBAL LIMITED
1454,ALANKIT,Alankit Limited
1455,NRL,Nupur Recyclers Limited
1456,BIL,Bhartiya International Limited
1457,LYKALABS,Lyka Labs Limited
1458,IITL,Industrial Investment Trust Limited
1459,IL&FSENGG,IL&FS Engineering and Construction Company Limited
1460,GOLDSTAR,Goldstar Power Limited
1461,KCPSUGIND,KCP Sugar and Industries Corporation Limited
1462,TPLPLASTEH,TPL Plastech Limited
1463,CLOUD,Varanium Cloud Limited
1464,PODDARMENT,Poddar Pigments Limited
1465,CRAYONS,Crayons Advertising Limited
1466,HIGREEN,Hi-Green Carbon Limited
1467,RUCHIRA,Ruchira Papers Limited
1468,SHREERAMA,Shree Rama Multi-Tech Limited
1469,FOCE,Foce India Limited
1470,VMARCIND,V Marc India Limited
1471,NATHBIOGEN,Nath Bio-Genes (India) Limited
1472,VINSYS,Vinsys IT Services India Limited
1473,APOLSINHOT,Apollo Sindoori Hotels Limited
1474,EIFFL,Euro India Fresh Foods Limited
1475,NDL,Nandan Denim Limited
1476,REMSONSIND,Remsons Industries Limited
1477,SAAKSHI,Saakshi Medtech and Panels Limited
1478,SYSTANGO,Systango Technologies Limited
1479,VIPCLOTHNG,VIP Clothing Limited
1480,MAWANASUG,Mawana Sugars Limited
1481,BROOKS,Brooks Laboratories Limited
1482,RAMAPHO,Rama Phosphates Limited
1483,TIL,TIL Limited
1484,PVP,PVP Ventures Limited
1485,KOTHARIPRO,Kothari Products Limited
1486,RBMINFRA,Rbm Infracon Limited
1487,ANMOL,Anmol India Limited
1488,IVC,IL&FS Investment Managers Limited
1489,AURUM,Aurum PropTech Limited
1490,SADBHAV,Sadbhav Engineering Limited
1491,KODYTECH,Kody Technolab Limited
1492,MEGASTAR,Megastar Foods Limited
1493,MAHEPC,Mahindra EPC Irrigation Limited
1494,MIRCELECTR,MIRC Electronics Limited
1495,RANASUG,Rana Sugars Limited
1496,BEWLTD,BEW Engineering Limited
1497,SRGHFL,SRG Housing Finance Limited
1498,DRONE,Drone Destination Limited
1499,DYNPRO,Dynemic Products Limited
1500,STARPAPER,Star Paper Mills Limited
1501,ASAHISONG,Asahi Songwon Colors Limited
1502,DEVIT,Dev Information Technology Limited
1503,INSPIRISYS,Inspirisys Solutions Limited
1504,SHREYANIND,Shreyans Industries Limited
1505,NILAINFRA,Nila Infrastructures Limited
1506,URAVI,Uravi T and Wedge Lamps Limited
1507,AYMSYNTEX,AYM Syntex Limited
1508,REPL,Rudrabhishek Enterprises Limited
1509,ROXHITECH,Rox Hi Tech Limited
1510,PRAXIS,Praxis Home Retail Limited
1511,HINDMOTORS,Hindustan Motors Limited
1512,PONNIERODE,Ponni Sugars (Erode) Limited
1513,SCPL,Sheetal Cool Products Limited
1514,SKP,SKP Bearing Industries Limited
1515,EMKAY,Emkay Global Financial Services Limited
1516,SMLT,Sarthak Metals Limited
1517,STARTECK,Starteck Finance Limited
1518,COASTCORP,Coastal Corporation Limited
1519,SINTERCOM,Sintercom India Limited
1520,TIPSFILMS,Tips Films Limited
1521,SOLEX,Solex Energy Limited
1522,PREMIERPOL,Premier Polyfilm Limited
1523,AIRAN,Airan Limited
1524,CAREERP,Career Point Limited
1525,PROV,Proventus Agrocom Limited
1526,SAKHTISUG,Sakthi Sugars Limited
1527,TAKE,Take Solutions Limited
1528,IZMO,IZMO Limited
1529,KNAGRI,KN Agri Resources Limited
1530,PPAP,PPAP Automotive Limited
1531,PASUPTAC,Pasupati Acrylon Limited
1532,BHAGYANGR,Bhagyanagar India Limited
1533,PRECOT,Precot Limited
1534,ZODIACLOTH,Zodiac Clothing Company Limited
1535,MHLXMIRU,Mahalaxmi Rubtech Limited
1536,ASHIMASYN,Ashima Limited
1537,SAH,Sah Polymers Limited
1538,INFINIUM,Infinium Pharmachem Limited
1539,SHERA,Shera Energy Limited
1540,RVHL,Ravinder Heights Limited
1541,LOYALTEX,Loyal Textile Mills Limited
1542,UCAL,UCAL LIMITED
1543,DCMNVL,DCM Nouvelle Limited
1544,MANORG,Mangalam Organics Limited
1545,HARRMALAYA,Harrisons  Malayalam Limited
1546,ESSENTIA,Integra Essentia Limited
1547,LGHL,Laxmi Goldorna House Limited
1548,GSS,GSS Infotech Limited
1549,MANAKSTEEL,Manaksia Steels Limited
1550,VISHWARAJ,Vishwaraj Sugar Industries Limited
1551,LGBFORGE,LGB Forge Limited
1552,BASML,Bannari Amman Spinning Mills Limited
1553,MURUDCERA,Murudeshwar Ceramics Limited
1554,JAYSREETEA,Jayshree Tea & Industries Limited
1555,GUJAPOLLO,Gujarat Apollo Industries Limited
1556,DELPHIFX,DELPHI WORLD MONEY LIMITED
1557,PILITA,PIL ITALICA LIFESTYLE LIMITED
1558,ELECTHERM,Electrotherm (India) Limited
1559,ABAN,Aban Offshore Limited
1560,TEMBO,Tembo Global Industries Limited
1561,INDTERRAIN,Indian Terrain Fashions Limited
1562,SURANI,Surani Steel Tubes Limited
1563,KRITIKA,Kritika Wires Limited
1564,HINDCON,Hindcon Chemicals Limited
1565,PRITIKAUTO,Pritika Auto Industries Limited
1566,AARON,Aaron Industries Limited
1567,MWL,Mangalam Worldwide Limited
1568,VIRINCHI,Virinchi Limited
1569,RAJMET,Rajnandini Metal Limited
1570,ZODIAC,Zodiac Energy Limited
1571,KMSUGAR,K.M.Sugar Mills Limited
1572,ELGIRUBCO,Elgi Rubber Company Limited
1573,MARALOVER,Maral Overseas Limited
1574,ZEAL,Zeal Global Services Limited
1575,USASEEDS,Upsurge Seeds Of Agriculture Limited
1576,RAJTV,Raj Television Network Limited
1577,PARAGON,Paragon Fine and Speciality Chemical Limited
1578,MCLEODRUSS,Mcleod Russel India Limited
1579,PRITI,Priti International Limited
1580,GULFPETRO,GP Petroleums Limited
1581,TRF,TRF Limited
1582,MEP,MEP Infrastructure Developers Limited
1583,EQUIPPP,Equippp Social Impact Technologies Limited
1584,MANOMAY,Manomay Tex India Limited
1585,SUPERHOUSE,Superhouse Limited
1586,SECL,Salasar Exteriors and Contour Limited
1587,GOYALSALT,Goyal Salt Limited
1588,EFORCE,Electro Force (India) Limited
1589,NECCLTD,North Eastern Carrying Corporation Limited
1590,PROPEQUITY,P. E. Analytics Limited
1591,FROG,Frog Cellsat Limited
1592,BAIDFIN,Baid Finserv Limited
1593,ARIES,Aries Agro Limited
1594,KRISHCA,Krishca Strapping Solutions Limited
1595,PAR,Par Drugs And Chemicals Limited
1596,SELMC,SEL Manufacturing Company Limited
1597,SUNDRMBRAK,Sundaram Brake Linings Limited
1598,RANEENGINE,Rane Engine Valve Limited
1599,RAMANEWS,Shree Rama Newsprint Limited
1600,SUPREMEPWR,Supreme Power Equipment Limited
1601,KAPSTON,Kapston Services Limited
1602,IRIS,Iris Business Services Limited
1603,ABINFRA,A B Infrabuild Limited
1604,KANPRPLA,Kanpur Plastipack Limited
1605,SEJALLTD,Sejal Glass Limited
1606,TARACHAND,Tara Chand InfraLogistic Solutions Limited
1607,RUCHINFRA,Ruchi Infrastructure Limited
1608,GINNIFILA,Ginni Filaments Limited
1609,BTML,Bodhi Tree Multimedia Limited
1610,AHLEAST,Asian Hotels (East) Limited
1611,SVLL,Shree Vasu Logistics Limited
1612,SPECTSTM,Spectrum Talent Management Limited
1613,RHL,Robust Hotels Limited
1614,LAL,Lorenzini Apparels Limited
1615,BYKE,The Byke Hospitality Ltd
1616,COMPUSOFT,Compucom Software Limited
1617,AKSHARCHEM,AksharChem India Limited
1618,SARTELE,Sar Televenture Limited
1619,RPPL,Rajshree Polypack Limited
1620,ALMONDZ,Almondz Global Securities Limited
1621,INTENTECH,Intense Technologies Limited
1622,MGEL,Mangalam Global Enterprise Limited
1623,HILTON,Hilton Metal Forging Limited
1624,NDGL,Naga Dhunseri Group Limited
1625,DUCON,Ducon Infratechnologies Limited
1626,SJLOGISTIC,S J Logistics (India) Limited
1627,GILLANDERS,Gillanders Arbuthnot & Company Limited
1628,CANARYS,Canarys Automations Limited
1629,MAHESHWARI,Maheshwari Logistics Limited
1630,CORALFINAC,Coral India Finance & Housing Limited
1631,GREENCHEF,Greenchef Appliances Limited
1632,AURDIS,Aurangabad Distillery Limited
1633,SOFTTECH,Softtech Engineers Limited
1634,AARVI,Aarvi Encon Limited
1635,DTIL,Dhunseri Tea & Industries Limited
1636,IVP,IVP Limited
1637,PALREDTEC,Palred Technologies Limited
1638,EROSMEDIA,Eros International Media Limited
1639,INDOTHAI,Indo Thai Securities Limited
1640,NITCO,Nitco Limited
1641,WELINV,Welspun Investments and Commercials Limited
1642,MAGNUM,Magnum Ventures Limited
1643,QMSMEDI,QMS Medical Allied Services Limited
1644,ATAM,Atam Valves Limited
1645,GENCON,Generic Engineering Construction and Projects Limited
1646,CCHHL,Country Club Hospitality & Holidays Limited
1647,GIRRESORTS,GIR Natureview Resorts Limited
1648,RELCHEMQ,Reliance Chemotex Industries Limited
1649,ARSHIYA,Arshiya Limited
1650,VITAL,Vital Chemtech Limited
1651,LLOYDS,Lloyds Luxuries Limited
1652,MADHAVBAUG,Vaidya Sane Ayurved Laboratories Limited
1653,KEL,Kundan Edifice Limited
1654,CHAVDA,Chavda Infra Limited
1655,ASCOM,Ascom Leasing & Investments Limited
1656,SHIGAN,Shigan Quantum Technologies Limited
1657,VETO,Veto Switchgears And Cables Limited
1658,MOS,Mos Utility Limited
1659,INDOWIND,Indowind Energy Limited
1660,INVENTURE,Inventure Growth & Securities Limited
1661,SWASTIK,Swastik Pipe Limited
1662,SUVIDHAA,Suvidhaa Infoserve Limited
1663,BAFNAPH,Bafna Pharmaceuticals Limited
1664,ALPA,Alpa Laboratories Limited
1665,BSL,BSL Limited
1666,INFOLLION,Infollion Research Services Limited
1667,TTL,T T Limited
1668,LOVABLE,Lovable Lingerie Limited
1669,TEXMOPIPES,Texmo Pipes and Products Limited
1670,ZEELEARN,Zee Learn Limited
1671,USK,Udayshivakumar Infra Limited
1672,MODIRUBBER,Modi Rubber Limited
1673,TREJHARA,TREJHARA SOLUTIONS LIMITED
1674,MAHAPEXLTD,Maha Rashtra Apex Corporation Limited
1675,DCI,Dc Infotech And Communication Limited
1676,DIGIKORE,Digikore Studios Limited
1677,SURANAT&P,Surana Telecom and Power Limited
1678,IEL,Indiabulls Enterprises Limited
1679,TOTAL,Total Transport Systems Limited
1680,EFACTOR,E Factor Experiences Limited
1681,VIPULLTD,Vipul Limited
1682,SALSTEEL,S.A.L. Steel Limited
1683,A2ZINFRA,A2Z Infra Engineering Limited
1684,RHFL,Reliance Home Finance Limited
1685,FRETAIL,Future Retail Limited
1686,DENEERS,De Neers Tools Limited
1687,LATTEYS,Latteys Industries Limited
1688,SPLIL,SPL Industries Limited
1689,KDL,Kore Digital Limited
1690,JOCIL,Jocil Limited
1691,TARMAT,Tarmat Limited
1692,NOIDATOLL,Noida Toll Bridge Company Limited
1693,ATLANTAA,Atlantaa  Limited
1694,UNIHEALTH,Unihealth Consultancy Limited
1695,UNITEDPOLY,United Polyfab Gujarat Limited
1696,AKSHOPTFBR,Aksh Optifibre Limited
1697,SRIVASAVI,Srivasavi Adhesive Tapes Limited
1698,ARCHIDPLY,Archidply Industries Limited
1699,AIROLAM,Airo Lam limited
1700,ROCKINGDCE,Rockingdeals Circular Economy Limited
1701,ASPINWALL,Aspinwall and Company Limited
1702,VAISHALI,Vaishali Pharma Limited
1703,KBCGLOBAL,KBC Global Limited
1704,KAKATCEM,Kakatiya Cement Sugar & Industries Limited
1705,SIGIND,Signet Industries Limited
1706,ARVEE,Arvee Laboratories (India) Limited
1707,AVONMORE,Avonmore Capital & Management Services Limited
1708,VISESHINFO,Visesh Infotecnics Limited
1709,JMA,Jullundur Motor Agency (Delhi) Limited
1710,AKI,AKI India Limited
1711,NILASPACES,Nila Spaces Limited
1712,RAJSREESUG,Rajshree Sugars & Chemicals Limited
1713,SHIVATEX,Shiva Texyarn Limited
1714,FELIX,Felix Industries Limited
1715,MANAKCOAT,Manaksia Coated Metals & Industries Limited
1716,BAHETI,Baheti Recycling Industries Limited
1717,EMMBI,Emmbi Industries Limited
1718,GLOBALVECT,Global Vectra Helicorp Limited
1719,TOUCHWOOD,Touchwood Entertainment Limited
1720,WEIZMANIND,Weizmann Limited
1721,SHAH,Shah Metacorp Limited
1722,SMARTLINK,Smartlink Holdings Limited
1723,DRCSYSTEMS,DRC Systems India Limited
1724,NIRMAN,Nirman Agri Genetics Limited
1725,ALPHAGEO,Alphageo (India) Limited
1726,PASHUPATI,Pashupati Cotspin Limited
1727,UMAEXPORTS,Uma Exports Limited
1728,BEARDSELL,Beardsell Limited
1729,SHRITECH,Shri Techtex Limited
1730,ISFT,Intrasoft Technologies Limited
1731,TECHLABS,Trident Techlabs Limited
1732,BHARATGEAR,Bharat Gears Limited
1733,GVPTECH,GVP Infotech Limited
1734,NIRAJ,Niraj Cement Structurals Limited
1735,CAPTRUST,Capital Trust Limited
1736,RKEC,RKEC Projects Limited
1737,BAGFILMS,B.A.G Films and Media Limited
1738,ARHAM,Arham Technologies Limited
1739,MUKTAARTS,Mukta Arts Limited
1740,LOTUSEYE,Lotus Eye Hospital and Institute Limited
1741,TRANSTEEL,Transteel Seating Technologies Limited
1742,DANGEE,Dangee Dums Limited
1743,DYNAMIC,Dynamic Services & Security Limited
1744,WORTH,Worth Peripherals Limited
1745,AHLADA,Ahlada Engineers Limited
1746,SIKKO,Sikko Industries Limited
1747,KOHINOOR,Kohinoor Foods Limited
1748,DUCOL,Ducol Organics And Colours Limited
1749,FCONSUMER,Future Consumer Limited
1750,KREBSBIO,Krebs Biochemicals and Industries Limited
1751,PRAKASHSTL,Prakash Steelage Limited
1752,INDBANK,Indbank Merchant Banking Services Limited
1753,XELPMOC,Xelpmoc Design And Tech Limited
1754,AMJLAND,Amj Land Holdings Limited
1755,UMANGDAIRY,Umang Dairies Limited
1756,DJML,DJ Mediaprint & Logistics Limited
1757,JHS,JHS Svendgaard Laboratories Limited
1758,CADSYS,Cadsys (India) Limited
1759,SURANASOL,Surana Solar Limited
1760,RILINFRA,Rachana Infrastructure Limited
1761,SADBHIN,Sadbhav Infrastructure Project Limited
1762,URBAN,Urban Enviro Waste Management Limited
1763,LAMBODHARA,Lambodhara Textiles Limited
1764,UNITEDTEA,The United Nilgiri Tea Estates Company Limited
1765,SECURKLOUD,SECUREKLOUD TECHNOLOGIES LIMITED
1766,SMSLIFE,SMS Lifesciences India Limited
1767,IL&FSTRANS,IL&FS Transportation Networks Limited
1768,MANAKALUCO,Manaksia Aluminium Company Limited
1769,INDIANCARD,Indian Card Clothing Company Limited
1770,SUMIT,Sumit Woods Limited
1771,THOMASCOTT,Thomas Scott (India) Limited
1772,BALPHARMA,Bal Pharma Limited
1773,PARTYCRUS,Party Cruisers Limited
1774,PANSARI,Pansari Developers Limited
1775,MADHUSUDAN,Madhusudan Masala Limited
1776,INCREDIBLE,INCREDIBLE INDUSTRIES LIMITED
1777,KARNIKA,Karnika Industries Limited
1778,LAGNAM,Lagnam Spintex Limited
1779,VARDMNPOLY,Vardhman Polytex Limited
1780,MANGALAM,Mangalam Drugs And Organics Limited
1781,TIRUPATIFL,Tirupati Forge Limited
1782,SIL,Standard Industries Limited
1783,3RDROCK,3rd Rock Multimedia Limited
1784,SALONA,Salona Cotspin Limited
1785,AMDIND,AMD Industries Limited
1786,YUDIZ,Yudiz Solutions Limited
1787,SWARAJ,Swaraj Suiting Limited
1788,FIDEL,Fidel Softech Limited
1789,ASTRON,Astron Paper & Board Mill Limited
1790,RSSOFTWARE,R. S. Software (India) Limited
1791,CENTEXT,Century Extrusions Limited
1792,LASA,Lasa Supergenerics Limited
1793,KALYANIFRG,Kalyani Forge Limited
1794,RMDRIP,R M Drip and Sprinklers Systems Limited
1795,CMNL,Chaman Metallics Limited
1796,DCM,DCM  Limited
1797,MOTOGENFIN,The Motor & General Finance Limited
1798,CTE,Cambridge Technology Enterprises Limited
1799,IPSL,Integrated Personnel Services Limited
1800,CORDSCABLE,Cords Cable Industries Limited
1801,PRAENG,Prajay Engineers Syndicate Limited
1802,ACCURACY,Accuracy Shipping Limited
1803,ANLON,Anlon Technology Solutions Limited
1804,AARTECH,Aartech Solonics Limited
1805,SUNDARAM,Sundaram Multi Pap Limited
1806,SONAMLTD,SONAM LIMITED
1807,SURYALAXMI,Suryalakshmi Cotton Mills Limited
1808,GOYALALUM,Goyal Aluminiums Limited
1809,ARTNIRMAN,Art Nirman Limited
1810,GTL,GTL Limited
1811,ALKALI,Alkali Metals Limited
1812,OMAXAUTO,Omax Autos Limited
1813,FLEXITUFF,Flexituff Ventures International Limited
1814,MAHASTEEL,Mahamaya Steel Industries Limited
1815,SHRADHA,Shradha Infraprojects Limited
1816,GOLDKART,Goldkart Jewels Limited
1817,TAINWALCHM,Tainwala Chemical and Plastic (I) Limited
1818,ANIKINDS,Anik Industries Limited
1819,WIPL,The Western India Plywoods Limited
1820,SUPREMEINF,Supreme Infrastructure India Limited
1821,PULZ,Pulz Electronics Limited
1822,SSFL,Srivari Spices And Foods Limited
1823,ABCOTS,A B Cotspin India Limited
1824,JAINAM,Jainam Ferro Alloys (I) Limited
1825,OILCOUNTUB,Oil Country Tubular Limited
1826,SECMARK,SecMark Consultancy Limited
1827,GRAPHISAD,Graphisads Limited
1828,SOTAC,Sotac Pharmaceuticals Limited
1829,PIONEEREMB,Pioneer Embroideries Limited
1830,GICL,Globe International Carriers Limited
1831,AAREYDRUGS,Aarey Drugs & Pharmaceuticals Limited
1832,ENERGYDEV,Energy Development Company Limited
1833,SHAHALLOYS,Shah Alloys Limited
1834,MAL,Mangalam Alloys Limited
1835,PATINTLOG,Patel Integrated Logistics Limited
1836,SVPGLOB,SVP GLOBAL TEXTILES LIMITED
1837,PARIN,Parin Furniture Limited
1838,SHREEOSFM,Shree OSFM E-Mobility Limited
1839,MITCON,MITCON Consultancy & Engineering Services Limited
1840,GANGESSECU,Ganges Securities Limited
1841,GTECJAINX,G-TEC JAINX EDUCATION LIMITED
1842,OBCL,Orissa Bengal Carrier Limited
1843,DOLLEX,Dollex Agrotech Limited
1844,MHHL,Mohini Health & Hygiene Limited
1845,NITIRAJ,Nitiraj Engineers Limited
1846,SIMBHALS,Simbhaoli Sugars Limited
1847,TIMESGTY,Times Guaranty Limited
1848,VELS,Vels Film International Limited
1849,CROWN,Crown Lifters Limited
1850,MDL,Marvel Decor Limited
1851,DIL,Debock Industries Limited
1852,HPIL,Hindprakash Industries Limited
1853,PALASHSECU,Palash Securities Limited
1854,BLBLIMITED,BLB Limited
1855,DBSTOCKBRO,DB (International) Stock Brokers Limited
1856,UNIVASTU,Univastu India Limited
1857,PRUDMOULI,Prudential Sugar Corporation Limited
1858,AAKASH,Aakash Exploration Services Limited
1859,AGRITECH,Agri-Tech (India) Limited
1860,DAMODARIND,Damodar Industries Limited
1861,QUICKTOUCH,Quicktouch Technologies Limited
1862,BANKA,Banka BioLoo Limited
1863,BVCL,Barak Valley Cements Limited
1864,S&SPOWER,S&S Power Switchgears Limited
1865,ONDOOR,On Door Concepts Limited
1866,TOKYOPLAST,Tokyo Plast International Limited
1867,HOMESFY,Homesfy Realty Limited
1868,AVROIND,AVRO INDIA LIMITED
1869,ZENITHSTL,Zenith Steel Pipes & Industries Limited
1870,SYNOPTICS,Synoptics Technologies Limited
1871,STEELCITY,Steel City Securities Limited
1872,BABAFP,Baba Food Processing (India) Limited
1873,HISARMETAL,Hisar Metal Industries Limited
1874,AKSHAR,Akshar Spintex Limited
1875,MCON,Mcon Rasayan India Limited
1876,DGCONTENT,Digicontent Limited
1877,SOMICONVEY,Somi Conveyor Beltings Limited
1878,RCDL,Rajgor Castor Derivatives Limited
1879,MRO-TEK,MRO-TEK Realty Limited
1880,AAATECH,AAA Technologies Limited
1881,GRCL,Gayatri Rubbers And Chemicals Limited
1882,YAARI,Yaari Digital Integrated Services Limited
1883,VIVIANA,Viviana Power Tech Limited
1884,ARABIAN,Arabian Petroleum Limited
1885,GROBTEA,The Grob Tea Company Limited
1886,VERTEXPLUS,Vertexplus Technologies Limited
1887,MCL,Madhav Copper Limited
1888,NIBL,NRB Industrial Bearings Limited
1889,MARSHALL,Marshall Machines Limited
1890,ARIHANTACA,Arihant Academy Limited
1891,KHFM,Khfm Hospitality And Facility Management Services Limited
1892,DELTAMAGNT,Delta Manufacturing Limited
1893,PRESSTONIC,Presstonic Engineering Limited
1894,SAMPANN,Sampann Utpadan India Limited
1895,BHANDARI,Bhandari Hosiery Exports Limited
1896,PKTEA,The Peria Karamalai Tea & Produce Company Limited
1897,LPDC,Landmark Property Development Company Limited
1898,HOLMARC,Holmarc Opto-Mechatronics Limited
1899,LEMERITE,Le Merite Exports Limited
1900,INDSWFTLTD,Ind-Swift Limited
1901,MBECL,Mcnally Bharat Engineering Company Limited
1902,MAGSON,Magson Retail And Distribution Limited
1903,CINEVISTA,Cinevista Limited
1904,PANACHE,Panache Digilife Limited
1905,FIBERWEB,Fiberweb (India) Limited
1906,ARCHIES,Archies Limited
1907,REGENCERAM,Regency Ceramics Limited
1908,TPHQ,Teamo Productions HQ Limited
1909,AATMAJ,Aatmaj Healthcare Limited
1910,SHEETAL,Sheetal Universal Limited
1911,SETCO,Setco Automotive Limited
1912,PROLIFE,Prolife Industries Limited
1913,CELEBRITY,Celebrity Fashions Limited
1914,HECPROJECT,HEC Infra Projects Limited
1915,GLOBALPET,Global Pet Industries Limited
1916,MARCO,Marco Cables & Conductors Limited
1917,AGROPHOS,Agro Phos India Limited
1918,HOVS,HOV Services Limited
1919,CUBEXTUB,Cubex Tubings Limited
1920,AUSOMENT,Ausom Enterprise Limited
1921,KARMAENG,Karma Energy Limited
1922,DHRUV,Dhruv Consultancy Services Limited
1923,WEWIN,WE WIN LIMITED
1924,PENTAGON,Pentagon Rubber Limited
1925,AUROIMPEX,Auro Impex  & Chemicals Limited
1926,ATALREAL,Atal Realtech Limited
1927,TREEHOUSE,Tree House Education & Accessories Limited
1928,VINNY,Vinny Overseas Limited
1929,BIOFILCHEM,Biofil Chemicals & Pharmaceuticals Limited
1930,AMBANIORG,Ambani Organics Limited
1931,GOLDENTOBC,Golden Tobacco Limited
1932,RELIABLE,Reliable Data Services Limited
1933,ZENITHEXPO,Zenith Exports Limited
1934,MONOPHARMA,Mono Pharmacare Limited
1935,ASHOKAMET,Ashoka Metcast Limited
1936,VASWANI,Vaswani Industries Limited
1937,INSPIRE,Inspire Films Limited
1938,PRITIKA,Pritika Engineering Components Limited
1939,KEYFINSERV,Keynote Financial Services Limited
1940,LEXUS,Lexus Granito (India) Limited
1941,CPS,C P S Shapers Limited
1942,CELLPOINT,Cell Point (India) Limited
1943,PODDARHOUS,Poddar Housing and Development Limited
1944,ORIENTLTD,Orient Press Limited
1945,MORARJEE,Morarjee Textiles Limited
1946,MAITREYA,Maitreya Medicare Limited
1947,SHIVAMILLS,Shiva Mills Limited
1948,PRAMARA,Pramara Promotions Limited
1949,CEREBRAINT,Cerebra Integrated Technologies Limited
1950,MAHICKRA,Mahickra Chemicals Limited
1951,NAGREEKEXP,Nagreeka Exports Limited
1952,MICROPRO,Micropro Software Solutions Limited
1953,TRIDHYA,Tridhya Tech Limited
1954,SECURCRED,SecUR Credentials Limited
1955,CLSL,Crop Life Science Limited
1956,VIAZ,Viaz Tyres Limited
1957,AKG,Akg Exim Limited
1958,TERASOFT,Tera Software Limited
1959,AVSL,AVSL Industries Limited
1960,TAPIFRUIT,Tapi Fruit Processing Limited
1961,SCML,Sharp Chucks and Machines Limited
1962,COMPINFO,Compuage Infocom Limited
1963,JAIPURKURT,Nandani Creation Limited
1964,GSTL,Globesecure Technologies Limited
1965,SHRENIK,Shrenik Limited
1966,SAMBHAAV,Sambhaav Media Limited
1967,SHUBHLAXMI,Shubhlaxmi Jewel Art Limited
1968,VINEETLAB,Vineet Laboratories Limited
1969,MOKSH,Moksh Ornaments Limited
1970,AROGRANITE,Aro Granite Industries Limited
1971,KANANIIND,Kanani Industries Limited
1972,PARASPETRO,Paras Petrofils Limited
1973,SOMATEX,Soma Textiles & Industries Limited
1974,ICDSLTD,ICDS Limited
1975,PNC,Pritish Nandy Communications Limited
1976,ACSAL,Arvind and Company Shipping Agencies Limited
1977,ROML,Raj Oil Mills Limited
1978,UCL,Ushanti Colour Chem Limited
1979,BMETRICS,Bombay Metrics Supply Chain Limited
1980,GANGAFORGE,Ganga Forging Limited
1981,MANUGRAPH,Manugraph India Limited
1982,SITINET,Siti Networks Limited
1983,ANKITMETAL,Ankit Metal & Power Limited
1984,MALUPAPER,Malu Paper Mills Limited
1985,SHANTHALA,Shanthala FMCG Products Limited
1986,AARVEEDEN,Aarvee Denims & Exports Limited
1987,UWCSL,Ultra Wiring Connectivity System Limited
1988,BANG,Bang Overseas Limited
1989,SIDDHIKA,Siddhika Coatings Limited
1990,PIGL,Power & Instrumentation (Gujarat) Limited
1991,SERVICE,Service Care Limited
1992,MAKS,Maks Energy Solutions India Limited
1993,BANARBEADS,Banaras Beads Limited
1994,REXPIPES,Rex Pipes And Cables Industries Limited
1995,AISL,ANI Integrated Services Limited
1996,NGIL,Nakoda Group of Industries Limited
1997,AKASH,Akash Infra-Projects Limited
1998,ISHAN,Ishan International Limited
1999,TFL,Transwarranty Finance Limited
2000,CBAZAAR,Net Avenue Technologies Limited
2001,DNAMEDIA,Diligent Media Corporation Limited
2002,GLOBE,Globe Textiles (India) Limited
2003,COMMITTED,Committed Cargo Care Limited
2004,JETFREIGHT,Jet Freight Logistics Limited
2005,UMA,Uma Converter Limited
2006,SPYL,Shekhawati Poly-Yarn Limited
2007,FLFL,Future Lifestyle Fashions Limited
2008,YCCL,Yasons Chemex Care Limited
2009,BDR,BDR Buildcon Limited
2010,PRECISION,Precision Metaliks Limited
2011,MASTER,Master Components Limited
2012,DKEGL,D.K. Enterprises Global Limited
2013,EXCEL,Excel Realty N Infra Limited
2014,DESTINY,Destiny Logistics & Infra Limited
2015,AJOONI,Ajooni Biotech Limited
2016,SANGANI,Sangani Hospitals Limited
2017,WOMANCART,Womancart Limited
2018,MADHAV,Madhav Marbles and Granites Limited
2019,LFIC,Lakshmi Finance & Industrial Corporation Limited
2020,BURNPUR,Burnpur Cement Limited
2021,SEYAIND,Seya Industries Limited
2022,JETKNIT,Jet Knitwears Limited
2023,MILTON,Milton Industries Limited
2024,VSCL,Vadivarhe Speciality Chemicals Limited
2025,PEARLPOLY,Pearl Polymers Limited
2026,HBSL,HB Stockholdings Limited
2027,OMFURN,Omfurn India Limited
2028,MADHUCON,Madhucon Projects Limited
2029,ABMINTLLTD,ABM International Limited
2030,AMBICAAGAR,Ambica Agarbathies & Aroma industries Limited
2031,ADL,Archidply Decor Limited
2032,KEEPLEARN,DSJ Keep Learning Limited
2033,BINANIIND,Binani Industries Limited
2034,RKDL,Ravi Kumar Distilleries Limited
2035,AGNI,Agni Green Power Limited
2036,CMRSL,Cyber Media Research & Services Limited
2037,SUULD,Suumaya Industries Limited
2038,INDIFRA,Indifra Limited
2039,CYBERMEDIA,Cyber Media (India) Limited
2040,TCLCONS,Tantia Constructions Limited
2041,SANGINITA,Sanginita Chemicals Limited
2042,TIMESCAN,Timescan Logistics (India) Limited
2043,FSC,Future Supply Chain Solutions Limited
2044,3PLAND,3P Land Holdings Limited
2045,LIBAS,Libas Consumer Products Limited
2046,SRPL,Shree Ram Proteins Limited
2047,SEL,Sungarner Energies Limited
2048,KONTOR,Kontor Space Limited
2049,VEEKAYEM,Veekayem Fashion and Apparels Limited
2050,NIDAN,Nidan Laboratories and Healthcare Limited
2051,SUPERSPIN,Super Spinning Mills Limited
2052,SAGARDEEP,Sagardeep Alloys Limited
2053,JFLLIFE,Jfl Life Sciences Limited
2054,EDUCOMP,Educomp Solutions Limited
2055,HAVISHA,Sri Havisha Hospitality and Infrastructure Limited
2056,SONUINFRA,Sonu Infratech Limited
2057,TGBHOTELS,TGB Banquets And Hotels Limited
2058,ADROITINFO,Adroit Infotech Limited
2059,ARISTO,Aristo Bio-Tech And Lifescience Limited
2060,SGL,STL Global Limited
2061,MARINETRAN,Marinetrans India Limited
2062,ASLIND,ASL Industries Limited
2063,GODHA,Godha Cabcon & Insulation Limited
2064,DIACABS,Diamond Power Infrastructure Limited
2065,LAXMICOT,Laxmi Cotspin Limited
2066,PATTECH,Pattech Fitwell Tube Components Limited
2067,JIWANRAM,Jiwanram Sheoduttrai Industries Limited
2068,COUNCODOS,Country Condo's Limited
2069,NEXTMEDIA,Next Mediaworks Limited
2070,TNTELE,Tamilnadu Telecommunication Limited
2071,ACEINTEG,Ace Integrated Solutions Limited
2072,AGUL,A G Universal Limited
2073,AGARWALFT,Agarwal Float Glass India Limited
2074,BALKRISHNA,Balkrishna Paper Mills Limited
2075,KKVAPOW,KKV Agro Powers Limited
2076,AMEYA,Ameya Precision Engineers Limited
2077,KHANDSE,Khandwala Securities Limited
2078,GATECH,GACM Technologies Limited
2079,TECILCHEM,TECIL Chemicals and Hydro Power Limited
2080,WALPAR,Walpar Nutritions Limited
2081,WILLAMAGOR,Williamson Magor & Company Limited
2082,SHAIVAL,Shaival Reality Limited
2083,BOHRAIND,Bohra Industries Limited
2084,SAHAJ,Sahaj Fashions Limited
2085,MEGAFLEX,Mega Flex Plastics Limited
2086,FMNL,Future Market Networks Limited
2087,21STCENMGM,21st Century Management Services Limited
2088,KSHITIJPOL,Kshitij Polyline Limited
2089,NKIND,NK Industries Limited
2090,HEADSUP,Heads UP Ventures Limited
2091,ROLLT,Rollatainers Limited
2092,PLADAINFO,Plada Infotech Services Limited
2093,GUJRAFFIA,Gujarat Raffia Industries Limited
2094,VILINBIO,Vilin Bio Med Limited
2095,KRIDHANINF,Kridhan Infra Limited
2096,VIVIDHA,Visagar Polytex Limited
2097,SABAR,Sabar Flex India Limited
2098,QUADPRO,Quadpro Ites Limited
2099,MITTAL,Mittal Life Style Limited
2100,NARMADA,Narmada Agrobase Limited
2101,INFOMEDIA,Infomedia Press Limited
2102,IMPEXFERRO,Impex Ferro Tech Limited
2103,KAUSHALYA,Kaushalya Infrastructure Development Corporation Limited
2104,QFIL,Quality Foils (India) Limited
2105,CONTI,Continental Seeds and Chemicals Limited
2106,MINDPOOL,Mindpool Technologies Limited
2107,KAVVERITEL,Kavveri Telecom Products Limited
2108,UNIINFO,Uniinfo Telecom Services Limited
2109,MTEDUCARE,MT Educare Limited
2110,LCCINFOTEC,LCC Infotech Limited
2111,KHAITANLTD,Khaitan (India) Limited
2112,CALSOFT,California Software Company Limited
2113,SILGO,Silgo Retail Limited
2114,MOXSH,Moxsh Overseas Educon Limited
2115,ORIENTALTL,Oriental Trimex Limited
2116,SUNREST,Sunrest Lifescience Limited
2117,RICHA,Richa Info Systems Limited
2118,HYBRIDFIN,Hybrid Financial Services Limited
2119,VCL,Vaxtex Cotfab Limited
2120,RITEZONE,Rite Zone Chemcon India Limited
2121,SUPREMEENG,Supreme Engineering Limited
2122,VERA,Vera Synthetic Limited
2123,LRRPL,Lead Reclaim And Rubber Products Limited
2124,MOHITIND,Mohit Industries Limited
2125,WINSOME,Winsome Yarns Limited
2126,OLIL,Oneclick Logistics India Limited
2127,MASKINVEST,Mask Investments Limited
2128,PERFECT,Perfect Infraengineers Limited
2129,ANTGRAPHIC,Antarctica Limited
2130,ONELIFECAP,Onelife Capital Advisors Limited
2131,MPTODAY,Madhya Pradesh Today Media Limited
2132,TECHIN,Techindia Nirman Limited
2133,SAROJA,Saroja Pharma Industries India Limited
2134,LYPSAGEMS,Lypsa Gems & Jewellery Limited
2135,SPENTEX,Spentex Industries Limited
2136,SHANTI,Shanti Overseas (India) Limited
2137,NAGREEKCAP,Nagreeka Capital & Infrastructure Limited
2138,EASTSILK,Eastern Silk Industries Limited
2139,ORTINLAB,Ortin Laboratories Limited
2140,GRETEX,Gretex Industries Limited
2141,TIJARIA,Tijaria Polypipes Limited
2142,OMKARCHEM,Omkar Speciality Chemicals Limited
2143,VIVO,Vivo Collaboration Solutions Limited
2144,SILLYMONKS,Silly Monks Entertainment Limited
2145,SPRL,Sp Refractories Limited
2146,AILIMITED,Abhishek Integrations Limited
2147,DIGJAMLMTD,Digjam Limited
2148,UMESLTD,Usha Martin Education & Solutions Limited
2149,VIJIFIN,Viji Finance Limited
2150,KANDARP,Kandarp Digi Smart BPO Limited
2151,BRIGHT,Bright Solar Limited
2152,TVVISION,TV Vision Limited
2153,KCK,Kck Industries Limited
2154,AMIABLE,Amiable Logistics (India) Limited
2155,JAKHARIA,JAKHARIA FABRIC LIMITED
2156,BLUECHIP,Blue Chip India Limited
2157,ARENTERP,Rajdarshan Industries Limited
2158,GLFL,Gujarat Lease Financing Limited
2159,NORBTEAEXP,Norben Tea & Exports Limited
2160,INNOVATIVE,Innovative Tyres and Tubes Limited
2161,KALYANI,Kalyani Commercials Limited
2162,TRANSWIND,Transwind Infrastructures Limited
2163,DRL,Dhanuka Realty Limited
2164,SMVD,SMVD Poly Pack Limited
2165,EUROTEXIND,Eurotex Industries and Exports Limited
2166,RADAAN,Radaan Mediaworks India Limited
2167,SHYAMTEL,Shyam Telecom Limited
2168,TARAPUR,Tarapur Transformers Limited
2169,SABTN,Sri Adhikari Brothers Television Network Limited
2170,MANAV,Manav Infra Projects Limited
2171,PREMIER,Premier Limited
2172,BKMINDST,Bkm Industries Limited
2173,ACCORD,Accord Synergy Limited
2174,ALPSINDUS,Alps Industries Limited
2175,DCMFINSERV,DCM Financial Services Limited
2176,ABNINT,A B N Intercorp Limited
2177,SANCO,Sanco Industries Limited
2178,AHIMSA,Ahimsa Industries Limited
2179,CREATIVEYE,Creative Eye Limited
2180,UNIVAFOODS,Univa Foods Limited
2181,JALAN,Jalan Transolutions (India) Limited
2182,BLUECOAST,Blue Coast Hotels Limited
2183,NIRAJISPAT,Niraj Ispat Industries Limited
2184,SABEVENTS,Sab Events & Governance Now Media Limited
2185,MELSTAR,Melstar Information Technologies Limited
2186,LAKPRE,Lakshmi Precision Screws Limited
2187,BHALCHANDR,Bhalchandram Clothing Limited
2188,SKSTEXTILE,SKS Textiles Limited
2189,VASA,Vasa Retail and Overseas Ltd